#,Performer,Lead_Streams,Tracks,1b+,100m+,10m+,1m+,min,debut,artist_type,,Featured Streams,Last Update
1,Drake,"42,937,631,439",249,4,112,241,244,5/23/2009,4569,solo,1,"16,684,499,405",11/23/2021
2,Ed Sheeran,"32,149,951,918",207,7,56,155,182,7/28/2012,3407,solo,2,"2,372,996,026",11/23/2021
3,Bad Bunny,"29,409,721,272",141,2,81,134,140,1/12/2019,1048,solo,3,"4,096,549,296",11/23/2021
4,Ariana Grande,"28,008,187,086",179,4,63,123,172,8/10/2013,3029,solo,4,"1,802,202,457",11/23/2021
5,The Weeknd,"27,049,238,010",148,6,61,125,140,11/17/2012,3295,solo,5,"3,386,574,796",11/23/2021
6,Justin Bieber,"26,503,035,185",220,5,52,164,191,7/25/2009,4506,solo,6,"9,934,693,754",11/23/2021
7,Post Malone,"25,976,729,128",67,8,52,65,66,9/26/2015,2252,solo,7,"2,101,241,164",11/23/2021
8,Eminem,"25,564,561,374",276,2,57,218,256,2/27/1999,8307,solo,8,"3,605,526,953",11/23/2021
9,Taylor Swift,"23,692,341,851",319,1,67,242,308,9/23/2006,5542,solo,9,"320,744,467",11/23/2021
10,J Balvin,"22,388,864,308",227,2,61,134,211,9/26/2015,2252,solo,10,"9,001,402,524",11/23/2021
11,BTS,"21,763,224,516",252,1,82,193,250,10/7/2017,1510,group,11,"158,992,564",11/23/2021
12,Kanye West,"20,373,338,577",234,0,52,185,212,11/29/2003,6571,solo,12,"4,900,441,485",11/23/2021
13,Billie Eilish,"19,476,936,986",63,3,40,57,61,8/4/2018,1209,solo,13,0,11/23/2021
14,Ozuna,"18,706,400,558",205,1,46,146,187,9/8/2018,1174,solo,14,"6,797,564,506",11/23/2021
15,Khalid,"18,605,993,207",98,6,36,84,94,1/28/2017,1762,solo,15,"2,403,495,034",11/22/2021
16,XXXTENTACION,"18,447,438,505",130,5,38,101,118,11/4/2017,1482,solo,16,"2,307,726,785",11/22/2021
17,Juice WRLD,"18,432,605,050",96,1,53,94,95,5/26/2018,1279,solo,17,"2,757,111,592",11/22/2021
18,Coldplay,"18,351,923,243",294,2,31,159,270,3/10/2001,7565,solo,18,0,11/22/2021
19,Travis Scott,"17,892,493,560",109,3,42,90,102,9/26/2015,2252,solo,19,"8,390,483,418",11/23/2021
20,Rihanna,"17,832,942,691",273,1,43,106,197,6/11/2005,6011,solo,20,"7,208,624,811",11/23/2021
21,Imagine Dragons,"17,706,770,752",145,4,33,99,127,6/23/2012,3442,group,21,"57,470,047",11/23/2021
22,Dua Lipa,"17,465,917,364",190,5,32,74,158,11/5/2016,1846,solo,22,"287,932,115",11/23/2021
23,Maroon 5,"17,246,221,016",237,3,28,102,193,8/23/2003,6669,group,23,"16,734",11/22/2021
24,Shawn Mendes,"16,533,538,705",124,4,29,92,119,7/12/2014,2693,solo,24,"104,903,919",11/23/2021
25,David Guetta,"16,025,794,148",646,1,41,126,353,NA,NA,solo,25,"1,029,617,516",11/15/2021
26,Calvin Harris,"15,729,735,238",217,2,28,81,173,2/25/2012,3561,solo,26,"386,294,443",11/18/2021
27,Daddy Yankee,"15,321,097,277",344,3,38,85,200,11/13/2004,6221,solo,27,"4,780,741,585",11/22/2021
28,Sam Smith,"15,027,847,465",139,3,29,78,127,4/19/2014,2777,solo,28,"260,406,816",11/23/2021
29,Bruno Mars,"14,895,605,624",78,4,28,57,72,8/7/2010,4128,solo,29,"3,358,733,368",11/23/2021
30,Queen,"14,190,399,496",558,4,23,89,395,2/8/1975,17092,group,30,"28,789,471",11/23/2021
31,Kendrick Lamar,"14,130,925,540",102,1,31,90,96,8/18/2012,3386,solo,31,"7,616,267,290",11/22/2021
32,The Chainsmokers,"14,024,173,941",173,3,23,72,148,3/15/2014,2812,group,32,"373,004,433",11/10/2021
33,Chris Brown,"13,219,954,738",393,0,36,183,322,8/27/2005,5934,solo,33,"7,602,731,698",11/21/2021
34,"Beyonc?,13",218,"368""","1,852,945,181",340,1,31,245,11/23/2021,solo,34,999,151
35,One Direction,"13,147,443,006",124,0,38,100,116,3/3/2012,3554,group,35,0,11/20/2021
36,Future,"13,094,647,630",457,1,25,201,333,5/5/2012,3491,solo,36,"7,901,035,185",11/16/2021
37,Sia,"13,028,381,499",316,3,26,104,222,5/24/2014,2742,solo,37,"2,800,577,591",11/23/2021
38,Nicki Minaj,"12,966,895,189",160,1,31,113,153,6/19/2010,4177,solo,38,"10,001,382,666",11/23/2021
39,Lady Gaga,"12,634,769,418",305,1,26,104,183,1/3/2009,4709,solo,39,"83,734,765",11/23/2021
40,Halsey,"12,539,937,095",152,3,23,86,124,9/19/2015,2259,solo,40,"2,120,178,471",11/23/2021
41,Selena Gomez,"12,470,991,052",134,3,23,78,120,1/10/2009,4702,solo,41,"1,872,502,976",11/23/2021
42,J. Cole,"12,355,747,422",150,1,33,108,133,6/12/2010,4184,solo,42,"2,794,687,143",11/22/2021
43,Anuel AA,"11,864,200,834",140,0,31,109,132,2/22/2020,642,solo,43,"4,008,693,614",11/23/2021
44,The Beatles,"11,744,772,655",780,0,29,170,416,1/18/1964,21131,group,44,0,11/23/2021
45,Maluma,"11,690,962,570",178,0,31,116,171,6/3/2017,1636,solo,45,"5,220,966,062",11/23/2021
46,Twenty One Pilots,"11,583,396,020",90,3,33,72,82,NA,NA,group,46,0,11/23/2021
47,Kygo,"11,279,052,360",101,1,27,83,99,NA,NA,group,47,"1,043,069,574",11/7/2021
48,Marshmello,"11,247,160,026",142,4,17,83,131,11/5/2016,1846,solo,48,"492,760,970",11/7/2021
49,Linkin Park,"11,155,499,500",346,1,28,107,275,2/10/2001,7593,group,49,"43,974,624",11/23/2021
50,Avicii,"11,089,525,888",246,1,17,86,156,12/3/2011,3645,solo,50,"478,671,303",11/13/2021
51,Lil Uzi Vert,"11,078,273,429",128,1,29,115,127,7/2/2016,1972,solo,51,"7,095,457,637",11/21/2021
52,Adele,"10,865,144,543",70,2,23,58,69,11/8/2008,4765,solo,52,"30,028,404",11/23/2021
53,Katy Perry,"10,706,810,616",178,0,29,81,138,5/24/2008,4933,solo,53,"1,068,670,347",11/22/2021
54,Farruko,"10,102,532,108",332,0,28,111,268,11/7/2020,383,solo,54,"5,818,230,057",11/18/2021
55,Camila Cabello,"10,065,072,994",56,2,23,41,52,6/10/2017,1629,solo,55,"1,991,109,375",11/23/2021
56,Lana Del Rey,"9,950,685,785",161,0,28,107,148,1/28/2012,3589,solo,56,"618,075,248",11/23/2021
57,Jason Derulo,"9,921,972,501",190,0,25,63,128,8/29/2009,4471,solo,57,"647,139,697",11/21/2021
58,Red Hot Chili Peppers,"9,251,329,522",249,0,15,110,199,12/21/1991,10932,group,58,"3,275,400",11/23/2021
59,Nicky Jam,"9,110,416,354",229,0,27,87,146,6/11/2016,1993,solo,59,"7,985,255,132",10/20/2021
60,Arctic Monkeys,"8,961,633,976",133,1,17,85,133,12/21/2013,2896,group,60,"2,236,126",11/23/2021
61,Shakira,"8,933,248,766",231,0,21,84,191,10/27/2001,7334,solo,61,"1,010,461,963",11/23/2021
62,Demi Lovato,"8,794,766,501",214,0,20,75,168,8/30/2008,4835,solo,62,"1,241,092,609",11/22/2021
63,Rauw Alejandro,"8,499,974,348",163,0,27,84,128,NA,NA,solo,63,"1,456,498,187",11/23/2021
64,Martin Garrix,"8,497,163,225",180,1,16,76,144,10/5/2013,2973,solo,64,"78,380,383",11/12/2021
65,OneRepublic,"8,456,408,429",143,1,25,70,128,12/29/2007,5080,group,65,"201,444,686",11/22/2021
66,Miley Cyrus,"8,293,927,364",175,0,15,83,153,7/14/2007,5248,solo,66,"596,089,290",11/23/2021
67,Michael Jackson,"8,259,977,220",344,0,21,89,233,10/30/1971,18289,solo,67,"501,792,076",11/23/2021
68,G-Eazy,"8,248,201,086",225,0,15,110,204,12/26/2015,2161,solo,68,"2,164,942,429",11/12/2021
69,Major Lazer,"8,176,520,618",259,3,14,64,169,NA,NA,group,69,"559,897,223",11/5/2021
70,Panic! At The Disco,"8,142,607,295",135,1,20,79,127,3/18/2006,5731,group,70,"598,331,527",10/30/2021
71,Harry Styles,"8,075,277,392",25,1,23,24,24,4/29/2017,1671,solo,71,"89,970",11/23/2021
72,Pitbull,"8,043,990,670",384,0,20,79,205,7/22/2006,5605,solo,72,"2,651,812,856",10/27/2021
73,KAROL G,"7,986,072,310",77,1,22,53,73,NA,NA,solo,73,"479,640,141",11/22/2021
74,Ellie Goulding,"7,965,053,599",164,1,16,67,130,8/20/2011,3750,solo,74,"628,348,055",11/21/2021
75,Cardi B,"7,963,568,325",66,1,16,48,62,7/22/2017,1587,solo,75,"5,669,445,371",11/23/2021
76,Charlie Puth,"7,891,252,455",97,3,11,53,84,12/19/2015,2168,solo,76,"202,490,071",11/22/2021
77,Lil Wayne,"7,818,077,296",464,0,18,109,296,7/6/2002,7082,solo,77,"12,194,114,169",11/17/2021
78,Wiz Khalifa,"7,762,381,404",392,1,19,103,285,10/2/2010,4072,solo,78,"5,190,230,069",11/17/2021
79,Sebastian Yatra,"7,669,685,705",99,0,26,71,91,NA,NA,solo,79,"1,538,456,140",9/17/2021
80,DaBaby,"7,642,749,369",136,2,14,74,116,4/13/2019,957,solo,80,"3,974,950,499",11/12/2021
81,Young Thug,"7,630,768,922",351,0,17,120,215,3/1/2014,2826,solo,81,"8,097,328,941",11/23/2021
82,Logic,"7,475,049,921",163,1,13,120,161,7/23/2016,1951,solo,82,"1,753,485,828",11/15/2021
83,Migos,"7,442,756,344",278,0,15,80,182,9/21/2013,2987,solo,83,"3,134,303,742",11/12/2021
84,21 Savage,"7,436,476,318",152,0,17,81,121,1/7/2017,1783,solo,84,"4,714,539,319",11/13/2021
85,Doja Cat,"7,382,232,841",79,0,18,56,72,12/7/2019,719,solo,85,"1,302,045,754",11/23/2021
86,Alan Walker,"7,354,379,758",136,1,16,60,106,4/30/2016,2035,solo,86,"1,616,399,695",10/15/2021
87,Tyga,"7,326,215,526",294,1,19,96,249,12/10/2011,3638,solo,87,"3,697,290,518",11/16/2021
88,Lil Baby,"7,326,005,520",164,0,16,106,152,12/30/2017,1426,solo,88,"6,668,876,471",11/22/2021
89,Fall Out Boy,"7,314,691,965",191,0,15,92,164,7/2/2005,5990,group,89,"35,304,467",9/20/2021
90,John Mayer,"7,301,602,148",197,0,15,115,172,6/1/2002,7117,solo,90,"455,904,418",11/17/2021
91,Metallica,"7,298,533,639",669,0,13,97,260,2/18/1989,11968,group,91,"3,139,009",11/22/2021
92,Diplo,"7,275,258,857",354,0,21,80,191,NA,NA,solo,92,"1,460,536,064",9/4/2021
93,Mac Miller,"7,195,491,395",207,0,16,113,192,6/11/2011,3820,solo,93,"592,194,939",11/20/2021
94,P!nk,"7,173,585,951",237,0,20,80,158,3/4/2000,7936,solo,94,"527,986,300",11/23/2021
95,Sech,"7,135,011,726",114,0,21,60,100,NA,NA,solo,95,"2,332,284,915",10/2/2021
96,Macklemore,"7,129,997,905",101,1,13,58,93,NA,NA,solo,96,"79,143,091",11/12/2021
97,ZAYN,"7,116,596,483",85,2,14,65,84,NA,NA,solo,97,"224,378,254",11/23/2021
98,Pop Smoke,"7,105,011,307",97,0,16,79,96,2/29/2020,635,solo,98,"707,230,851",11/19/2021
99,Lauv,"7,028,595,475",95,1,20,60,89,2/24/2018,1370,solo,99,"122,115,637",11/22/2021
100,Lil Peep,"7,011,572,469",98,0,19,84,96,12/9/2017,1447,solo,100,"271,916,505",11/4/2021
101,DJ Snake,"7,000,580,472",139,2,10,48,97,NA,NA,solo,101,"1,823,325,367",10/21/2021
102,Zedd,"6,987,723,074",137,1,13,36,94,NA,NA,solo,102,"925,200,232",11/18/2021
103,Myke Towers,"6,976,813,689",158,0,21,84,146,NA,NA,solo,103,"3,862,547,048",11/21/2021
104,James Arthur,"6,953,376,629",133,1,13,57,111,11/12/2016,1839,solo,104,"66,530,851",11/22/2021
105,Little Mix,"6,907,141,188",209,0,17,97,154,4/20/2013,3141,group,105,"8,121,671",11/23/2021
106,AC/DC,"6,894,044,113",310,0,10,76,237,10/13/1979,15384,group,106,"1,773",11/22/2021
107,Trippie Redd,"6,673,809,411",184,0,20,114,170,8/25/2018,1188,solo,107,"2,546,934,410",11/21/2021
108,A$AP Rocky,"6,643,685,416",92,0,16,67,86,2/2/2013,3218,solo,108,"4,602,039,366",11/23/2021
109,5 Seconds of Summer,"6,600,036,613",158,1,12,90,155,NA,NA,group,109,"477,623,779",11/21/2021
110,A Boogie Wit da Hoodie,"6,595,067,839",120,0,15,95,118,11/5/2016,1846,solo,110,"2,707,903,925",11/22/2021
111,Kodak Black,"6,571,417,775",210,0,13,80,190,1/14/2017,1776,solo,111,"1,537,845,142",11/14/2021
112,Robin Schulz,"6,455,681,610",207,0,14,47,136,NA,NA,solo,112,"297,810,977",9/27/2021
113,NF,"6,451,911,287",81,1,14,81,81,11/4/2017,1482,solo,113,"119,796,807",11/12/2021
114,Justin Timberlake,"6,391,919,371",167,1,13,64,110,9/7/2002,7019,solo,114,"1,853,853,383",11/23/2021
115,Lil Nas X,"6,374,704,218",33,2,9,29,32,7/6/2019,873,solo,115,0,11/19/2021
116,Romeo Santos,"6,366,671,034",125,0,18,76,101,6/25/2011,3806,solo,116,"1,014,354,587",11/15/2021
117,Metro Boomin,"6,336,880,551",118,0,14,72,92,NA,NA,solo,117,"190,622,703",11/13/2021
118,Frank Ocean,"6,316,864,037",45,0,20,45,45,7/23/2011,3778,solo,118,"1,996,072,828",11/21/2021
119,DJ Khaled,"6,306,443,125",165,1,13,56,120,NA,NA,solo,119,"175,817,766",11/14/2021
120,Green Day,"6,255,599,401",359,0,12,75,293,8/21/2004,6305,group,120,"439,444",10/30/2021
121,Zara Larsson,"6,230,620,521",83,2,12,42,77,7/30/2016,1944,solo,121,"477,695,953",11/20/2021
122,Clean Bandit,"6,134,437,801",147,2,9,35,111,NA,NA,group,122,"22,410,137",9/23/2021
123,Anne-Marie,"6,128,400,366",129,3,10,41,93,NA,NA,solo,123,"733,724,598",11/22/2021
124,Bob Marley & The Wailers,"6,118,075,117",521,0,12,71,302,NA,NA,group,124,"45,406,095",10/18/2021
125,Elton John,"6,084,664,382",890,0,14,53,232,8/15/1970,18730,solo,125,"287,635,457",11/19/2021
126,Bebe Rexha,"6,017,791,426",113,2,12,51,91,1/21/2017,1769,solo,126,"3,586,029,343",11/22/2021
127,Enrique Iglesias,"6,016,774,689",277,0,13,68,174,7/10/1999,8174,solo,127,"312,430,000",11/23/2021
128,Lewis Capaldi,"6,015,245,939",48,2,9,28,43,5/25/2019,915,solo,128,0,11/18/2021
129,Gunna,"5,989,576,201",155,0,11,88,142,2/16/2019,1013,solo,129,"3,763,692,080",11/15/2021
130,Luis Miguel,"5,978,938,335",312,0,12,110,264,NA,NA,solo,130,"1,235,235",11/22/2021
131,YoungBoy Never Broke Again,"5,966,331,360",314,0,7,154,291,9/2/2017,1545,solo,131,"1,007,798,104",11/23/2021
132,Ti?to,"5,939,391,588",600,0,13,73,278,NA,NA,solo,132,"1,054,455,192",10/17/2021
133,Black Eyed Peas,"5,874,244,663",207,0,13,40,121,NA,NA,group,133,"67,611,762",11/21/2021
134,Flo Rida,"5,843,736,425",224,0,11,42,94,2/14/2009,4667,solo,134,"1,538,973,383",11/16/2021
135,BLACKPINK,"5,826,234,093",99,0,17,44,99,6/30/2018,1244,group,135,"462,619,142",11/3/2021
136,Pink Floyd,"5,821,248,561",431,0,11,90,255,5/19/1973,17722,group,136,0,11/21/2021
137,Ty Dolla $ign,"5,803,185,635",188,0,14,72,153,NA,NA,solo,137,"9,330,523,670",11/21/2021
138,Olivia Rodrigo,"5,789,790,520",37,2,12,21,33,1/18/2020,677,solo,138,"1,488,259",11/23/2021
139,Luis Fonsi,"5,774,015,667",172,2,9,36,114,8/27/2005,5934,solo,139,"367,402,115",10/27/2021
140,The Rolling Stones,"5,772,658,001","1,022",0,12,61,351,5/2/1964,21026,group,140,"5,787,689",11/20/2021
141,Nirvana,"5,733,310,352",294,1,11,55,234,12/7/1991,10946,group,141,0,11/3/2021
142,blackbear,"5,721,416,033",156,0,8,93,136,11/4/2017,1482,solo,142,"1,209,608,993",8/18/2021
143,"Tyler, The Creator","5,701,075,519",153,0,15,90,109,7/22/2017,1587,solo,143,"1,112,290,172",11/22/2021
144,"Michael Bubl?,5",668,"660""","260,417,769",222,0,15,182,11/21/2021,solo,144,405,86
145,JAY-Z,"5,639,113,483",304,0,10,70,229,9/14/1996,9203,solo,145,"4,871,667,870",11/15/2021
146,Fleetwood Mac,"5,602,112,225",706,0,10,42,225,1/31/1970,18926,group,146,"507,371",11/13/2021
147,Machine Gun Kelly,"5,560,671,399",114,0,11,88,105,9/22/2018,1160,solo,147,"813,466,130",11/21/2021
148,Russ,"5,540,641,891",338,0,14,101,229,11/12/2016,1839,solo,148,"106,099,166",11/11/2021
149,SZA,"5,524,163,775",39,0,15,32,38,8/19/2017,1559,solo,149,"1,852,563,990",11/21/2021
150,Britney Spears,"5,515,398,267",289,0,15,55,171,11/21/1998,8405,solo,150,"529,117,592",11/23/2021
151,Guns N' Roses,"5,513,179,500",135,1,10,45,105,6/25/1988,12206,group,151,0,11/15/2021
152,Jonas Blue,"5,467,927,650",138,0,9,32,87,NA,NA,solo,152,"96,251,650",5/25/2021
153,Childish Gambino,"5,444,231,908",85,1,11,62,82,12/21/2013,2896,solo,153,"542,110,894",11/15/2021
154,Bastille,"5,441,519,588",178,1,10,69,140,8/31/2013,3008,group,154,"142,408,519",11/3/2021
155,$uicideboy$,"5,395,021,076",300,0,9,113,297,NA,NA,group,155,"194,095,137",11/23/2021
156,Banda MS de Sergio Liz?raga,"5,351,958,222",224,0,15,92,207,NA,NA,group,156,"2,401,371",11/17/2021
157,2Pac,"5,252,472,380",325,0,15,70,236,7/3/1993,10372,solo,157,"288,943,038",11/23/2021
158,Skrillex,"5,242,396,447",145,0,12,69,130,11/19/2011,3659,solo,158,"1,517,779,451",10/18/2021
159,Anitta,"5,240,536,563",151,0,18,76,138,NA,NA,solo,159,"1,151,512,388",11/23/2021
160,Big Sean,"5,232,165,519",151,0,13,67,124,12/29/2012,3253,solo,160,"5,528,705,021",11/23/2021
161,Alessia Cara,"5,207,306,262",130,0,8,38,75,8/22/2015,2287,solo,161,"1,490,794,160",10/31/2021
162,Usher,"5,174,788,356",252,0,15,51,162,9/3/1994,9945,solo,162,"2,857,841,190",11/23/2021
163,Lorde,"5,158,186,315",55,0,17,38,50,7/20/2013,3050,solo,163,"265,944,329",11/10/2021
164,Kid Cudi,"5,154,524,304",141,0,10,81,137,1/31/2009,4681,solo,164,"1,140,662,696",11/15/2021
165,David Bowie,"5,126,200,440","1,224",1,11,58,294,4/15/1972,18121,solo,165,"29,020,912",11/23/2021
166,Gorillaz,"5,112,189,917",280,0,8,90,193,8/25/2001,7397,group,166,"1,219,786",11/22/2021
167,50 Cent,"5,105,833,115",214,0,13,57,141,11/30/2002,6935,solo,167,"2,260,236,594",11/23/2021
168,Camilo,"5,101,535,074",37,0,17,33,35,NA,NA,solo,168,"703,236,268",11/9/2021
169,Reik,"5,079,388,879",160,0,13,65,135,NA,NA,solo,169,"246,613,573",8/10/2021
170,Hozier,"5,054,022,527",62,1,13,42,61,8/30/2014,2644,group,170,"5,300,523",11/18/2021
171,Becky G,"4,997,102,853",88,0,12,49,86,6/21/2014,2714,solo,171,"1,222,996,023",11/23/2021
172,The Killers,"4,936,102,818",206,1,8,66,136,9/4/2004,6291,group,172,"285,751",11/19/2021
173,Foo Fighters,"4,902,940,362",236,0,11,73,162,10/16/1999,8076,group,173,"1,996,516",11/21/2021
174,Mariah Carey,"4,892,540,356",638,0,10,64,231,6/2/1990,11499,solo,174,"330,457,977",11/22/2021
175,Meek Mill,"4,886,700,485",438,0,7,88,188,3/21/2015,2441,solo,175,"1,823,683,656",11/20/2021
176,French Montana,"4,873,054,883",555,1,11,50,128,7/6/2013,3064,solo,176,"3,046,541,784",5/26/2021
177,blink-182,"4,857,200,241",185,0,10,83,172,NA,NA,group,177,"53,156,973",11/17/2021
178,Mar?ia Mendon?,"4,851,047,238",112,0,17,87,105,NA,NA,solo,178,"1,213,125,119",11/23/2021
179,John Legend,"4,794,741,255",247,1,6,60,183,10/2/2004,6263,solo,179,"2,208,443,484",11/20/2021
180,Tory Lanez,"4,792,221,603",216,0,13,76,183,11/7/2015,2210,solo,180,"2,099,200,775",9/24/2021
181,U2,"4,768,710,676",500,0,7,75,285,4/2/1983,14117,group,181,"261,837,568",11/23/2021
182,Led Zeppelin,"4,753,340,698",240,0,11,62,186,3/29/1969,19234,group,182,"99,527",11/23/2021
183,Meghan Trainor,"4,752,007,915",137,0,10,52,104,7/26/2014,2679,solo,183,"931,419,928",11/23/2021
184,The Neighbourhood,"4,738,925,347",90,1,8,63,90,6/22/2013,3078,group,184,"328,387",11/21/2021
185,Rae Sremmurd,"4,720,854,642",60,0,12,41,59,8/16/2014,2658,solo,185,"510,345,125",11/10/2021
186,Rita Ora,"4,693,319,973",125,0,12,38,83,6/9/2012,3456,solo,186,"680,760,994",11/21/2021
187,Ava Max,"4,691,535,160",96,1,11,33,67,12/29/2018,1062,solo,187,"182,867,858",11/23/2021
188,Luke Combs,"4,685,726,564",55,0,10,53,55,3/4/2017,1727,solo,188,"126,689,854",11/8/2021
189,Gucci Mane,"4,684,519,083","2,175",0,5,76,300,10/6/2007,5164,solo,189,"4,718,423,987",11/21/2021
190,Daft Punk,"4,682,411,741",181,0,9,74,134,8/30/1997,8853,group,190,"2,903,060,511",10/5/2021
191,6ix9ine,"4,663,502,954",58,0,16,36,53,12/2/2017,1454,solo,191,"1,023,333,105",11/17/2021
192,The 1975,"4,644,082,925",132,0,11,75,129,2/8/2014,2847,group,192,"138,073,120",11/19/2021
193,Polo G,"4,618,699,517",61,0,11,59,61,4/25/2020,579,solo,193,"1,223,713,833",11/17/2021
194,Mumford & Sons,"4,581,748,564",121,0,8,66,109,8/28/2010,4107,group,194,"14,628,830",9/16/2021
195,Manuel Turizo,"4,561,050,167",56,0,15,40,56,NA,NA,solo,195,"1,972,111,153",10/12/2021
196,Roddy Ricch,"4,557,312,174",40,1,13,31,39,5/18/2019,922,solo,196,"2,787,059,215",11/14/2021
197,Radiohead,"4,556,049,963",232,0,6,87,196,6/26/1993,10379,group,197,"1,683,170",11/21/2021
198,System Of A Down,"4,544,081,727",83,0,9,67,78,1/5/2002,7264,group,198,"415,401",11/23/2021
199,Jhay Cortez,"4,516,714,347",78,1,8,39,76,NA,NA,solo,199,"679,540,587",11/21/2021
200,The Kid LAROI,"4,506,404,474",48,1,13,38,46,11/7/2020,383,solo,200,"623,021,437",11/22/2021
201,Muse,"4,502,940,211",242,0,10,81,175,8/22/2009,4478,group,201,0,11/16/2021
202,Elvis Presley,"4,488,952,722","2,189",0,8,67,345,11/1/1958,23035,solo,202,"4,982,087",11/10/2021
203,Joji,"4,470,165,878",51,0,14,41,51,3/30/2019,971,solo,203,"602,818,690",11/1/2021
204,Swae Lee,"4,470,055,992",58,1,10,31,54,NA,NA,solo,204,"5,105,441,098",11/16/2021
205,Jack Johnson,"4,464,351,377",180,0,6,76,164,8/3/2002,7054,solo,205,"26,277,507",10/1/2021
206,Snoop Dogg,"4,430,624,486",690,0,9,54,247,12/4/1993,10218,solo,206,"5,435,937,451",11/7/2021
207,Hailee Steinfeld,"4,429,208,901",29,0,10,18,27,8/29/2015,2280,solo,207,"596,793,942",11/21/2021
208,The Notorious B.I.G.,"4,418,824,239",178,0,10,52,120,8/27/1994,9952,solo,208,"590,266,832",11/9/2021
209,Jorge & Mateus,"4,398,940,181",253,0,8,87,240,NA,NA,group,209,"969,258,232",11/15/2021
210,Bazzi,"4,391,026,336",37,0,12,32,37,2/3/2018,1391,solo,210,"58,360,988",10/8/2021
211,Oasis,"4,340,213,937",221,1,7,48,171,1/27/1996,9434,group,211,0,11/3/2021
212,Jess Glynne,"4,314,528,793",83,0,10,32,60,10/3/2015,2245,solo,212,"457,175,950",11/15/2021
213,Paramore,"4,302,321,303",113,0,10,66,99,7/21/2007,5241,group,213,"524,899",11/23/2021
214,Don Omar,"4,270,072,099",231,0,12,50,117,6/24/2006,5633,solo,214,"1,686,536,234",11/22/2021
215,Troye Sivan,"4,260,425,818",100,0,10,51,82,8/9/2014,2665,solo,215,"799,232,498",11/21/2021
216,Cheat Codes,"4,244,935,054",136,0,7,39,82,NA,NA,group,216,"279,211,217",11/8/2021
217,Christina Aguilera,"4,241,448,432",272,0,9,52,158,7/3/1999,8181,solo,217,"2,256,893,623",11/1/2021
218,Felix Jaehn,"4,220,719,529",156,1,11,33,88,NA,NA,solo,218,"227,877,670",9/4/2021
219,Frank Sinatra,"4,203,662,945","1,860",0,9,69,299,10/25/1958,23042,solo,219,"54,954,665",6/25/2021
220,Julia Michaels,"4,200,124,283",64,0,7,36,61,2/11/2017,1748,solo,220,"1,545,638,593",11/5/2021
221,Fifth Harmony,"4,199,815,846",75,1,7,46,74,8/3/2013,3036,group,221,"247,695,379",11/23/2021
222,Disclosure,"4,184,709,087",181,0,7,52,119,NA,NA,group,222,"23,287,083",10/18/2021
223,Slipknot,"4,184,381,489",206,0,7,64,172,NA,NA,group,223,"21,684",11/3/2021
224,Bon Jovi,"4,174,209,559",323,0,9,35,174,2/25/1984,13788,group,224,"1,235,783",11/23/2021
225,Dalex,"4,140,868,214",124,0,11,42,87,NA,NA,solo,225,"890,939,448",11/18/2021
226,Chance the Rapper,"4,135,518,442",101,0,11,46,84,NA,NA,solo,226,"3,405,858,846",11/15/2021
227,Kings of Leon,"4,098,066,782",121,0,5,65,106,NA,NA,group,227,"1,359,186",11/7/2021
228,Florida Georgia Line,"4,075,078,150",113,0,12,64,97,2/9/2013,3211,group,228,"2,231,147,781",9/25/2021
229,Alicia Keys,"4,055,625,579",224,0,7,53,163,6/16/2001,7467,solo,229,"1,139,536,342",11/21/2021
230,Melanie Martinez,"4,045,142,913",55,0,13,42,54,12/8/2012,3274,solo,230,"2,996,888",11/23/2021
231,Tame Impala,"4,041,219,572",94,0,8,55,82,NA,NA,group,231,"135,563,404",10/18/2021
232,Tove Lo,"4,038,233,092",135,0,6,58,103,6/14/2014,2721,solo,232,"1,266,147,479",10/24/2021
233,6LACK,"4,029,378,010",74,0,10,59,74,4/1/2017,1699,solo,233,"760,292,768",11/22/2021
234,Megan Thee Stallion,"4,021,560,868",114,0,10,40,85,4/20/2019,950,solo,234,"950,419,105",11/23/2021
235,Playboi Carti,"3,986,062,038",83,0,8,62,71,5/20/2017,1650,solo,235,"1,453,063,875",11/23/2021
236,The Lumineers,"3,983,713,331",72,0,8,47,66,6/23/2012,3442,group,236,0,9/23/2021
237,Natti Natasha,"3,978,872,567",73,0,9,42,62,NA,NA,solo,237,"1,644,270,978",11/22/2021
238,Luke Bryan,"3,976,979,274",158,0,12,62,130,8/18/2007,5213,solo,238,"367,135,310",9/16/2021
239,The Script,"3,976,071,334",94,0,7,50,84,12/19/2009,4359,group,239,"1,281,985",10/17/2021
240,Zion & Lennox,"3,972,787,863",156,0,11,44,87,NA,NA,group,240,"2,664,955,655",10/15/2021
241,Five Finger Death Punch,"3,970,173,481",136,0,8,88,132,8/20/2011,3750,group,241,0,10/9/2021
242,Christian Nodal,"3,964,867,280",58,0,11,48,58,NA,NA,solo,242,"302,777,194",11/14/2021
243,Glee Cast,"3,957,552,752",723,0,0,92,597,6/6/2009,4555,group,243,0,11/21/2021
244,Alesso,"3,946,369,610",114,0,9,36,84,NA,NA,solo,244,"156,063,156",10/31/2021
245,Florence + The Machine,"3,928,976,497",133,0,8,75,123,9/25/2010,4079,group,245,"222,940",11/4/2021
246,Jason Mraz,"3,901,732,390",233,1,5,45,152,5/3/2003,6781,solo,246,"88,467,014",9/2/2021
247,Galantis,"3,898,603,795",226,0,8,45,143,7/30/2016,1944,group,247,"73,696,074",11/21/2021
248,Nickelback,"3,874,882,681",148,0,12,53,104,9/8/2001,7383,group,248,0,11/20/2021
249,Creedence Clearwater Revival,"3,872,904,132",130,0,8,32,106,9/7/1968,19437,group,249,"6,523,612",11/23/2021
250,Paulo Londra,"3,868,179,740",22,0,12,22,22,NA,NA,solo,250,"100,095,046",11/21/2021
251,ABBA,"3,860,282,603",160,0,9,48,137,6/1/1974,17344,group,251,"26,419",11/17/2021
252,Lil Pump,"3,857,197,872",54,0,10,38,53,9/30/2017,1517,solo,252,"466,916,581",10/23/2021
253,Bruce Springsteen,"3,848,991,340",783,0,9,53,370,9/20/1975,16868,solo,253,"34,127,124",11/22/2021
254,Madonna,"3,827,113,733",706,0,7,64,311,10/29/1983,13907,solo,254,"121,576,416",11/23/2021
255,Gusttavo Lima,"3,820,481,930",271,0,6,92,208,NA,NA,solo,255,"721,316,182",11/19/2021
256,Kehlani,"3,810,984,576",110,0,9,73,96,8/27/2016,1916,solo,256,"1,809,802,971",11/11/2021
257,Z?Neto & Cristiano,"3,804,493,003",163,0,10,74,139,NA,NA,group,257,"424,237,782",11/15/2021
258,Whitney Houston,"3,801,158,616",291,0,7,36,138,5/11/1985,13347,solo,258,"11,173,005",11/23/2021
259,Niall Horan,"3,799,272,392",70,0,11,38,64,10/15/2016,1867,solo,259,"344,375,558",11/9/2021
260,Rammstein,"3,798,495,643",228,0,9,75,169,NA,NA,group,260,"3,437,128",11/22/2021
261,Justin Quiles,"3,796,788,470",155,0,10,60,120,NA,NA,solo,261,"3,301,910,411",9/25/2021
262,Bryson Tiller,"3,796,463,329",68,0,7,48,60,10/17/2015,2231,solo,262,"913,965,635",11/22/2021
263,Alok,"3,787,680,615",181,0,11,60,110,NA,NA,solo,263,"213,631,873",11/19/2021
264,Capital Bra,"3,785,420,264",236,0,7,79,182,NA,NA,solo,264,"595,832,381",11/21/2021
265,Ne-Yo,"3,761,944,355",188,0,10,32,128,12/10/2005,5829,solo,265,"1,793,601,060",10/6/2021
266,Arcangel,"3,732,840,142",273,0,7,54,182,NA,NA,solo,266,"4,346,690,866",11/16/2021
267,Kane Brown,"3,722,088,164",91,0,9,52,82,11/14/2015,2203,solo,267,"22,813,517",10/17/2021
268,Morat,"3,693,015,886",70,0,8,56,67,NA,NA,solo,268,"348,056,154",11/22/2021
269,Piso 21,"3,685,044,883",74,0,11,27,60,NA,NA,group,269,"54,983,912",5/26/2021
270,Lenny Tav?ez,"3,680,868,845",86,0,9,42,80,NA,NA,solo,270,"3,054,366,257",11/16/2021
271,My Chemical Romance,"3,675,537,307",135,0,8,52,114,2/12/2005,6130,group,271,0,10/19/2021
272,NAV,"3,672,108,398",113,0,10,67,113,NA,NA,solo,272,"1,768,076,456",11/20/2021
273,Vance Joy,"3,651,676,809",70,1,6,35,53,7/12/2014,2693,solo,273,0,11/20/2021
274,James Bay,"3,643,340,494",76,0,8,40,67,1/9/2016,2147,solo,274,"3,935,342",11/11/2021
275,Bring Me The Horizon,"3,598,615,867",134,0,10,62,121,NA,NA,group,275,"637,221",10/19/2021
276,Kelly Clarkson,"3,583,490,884",322,0,8,40,140,9/21/2002,7005,solo,276,"197,054,531",11/23/2021
277,Thomas Rhett,"3,570,841,348",93,0,13,50,93,7/28/2012,3407,solo,277,"196,189,924",9/28/2021
278,Labrinth,"3,567,683,826",125,0,10,37,90,NA,NA,solo,278,"326,316,513",6/3/2021
279,TWICE,"3,562,346,274",192,0,9,68,171,NA,NA,group,279,"28,469,231",11/23/2021
280,Avril Lavigne,"3,553,866,757",134,0,9,51,101,6/1/2002,7117,solo,280,"19,247,804",11/23/2021
281,YG,"3,551,013,571",194,0,8,63,130,9/11/2010,4093,solo,281,"2,246,418,959",9/3/2021
282,Henrique & Juliano,"3,549,520,949",148,0,8,93,141,NA,NA,group,282,"688,545,267",8/31/2021
283,Jennifer Lopez,"3,546,437,029",228,0,9,46,117,5/15/1999,8230,solo,283,"969,371,038",11/23/2021
284,Aerosmith,"3,540,633,505",281,0,8,29,148,10/20/1973,17568,group,284,0,11/8/2021
285,Jonas Brothers,"3,530,341,248",93,0,8,35,86,2/17/2007,5395,group,285,"456,924,413",9/22/2021
286,Wisin,"3,520,148,199",114,0,10,38,95,NA,NA,solo,286,"4,992,869,607",10/12/2021
287,Disturbed,"3,507,099,735",170,0,6,65,144,9/28/2002,6998,group,287,"1,976,285",9/16/2021
288,Kevin Gates,"3,495,948,086",266,0,4,92,206,1/9/2016,2147,solo,288,"546,381,469",5/7/2021
289,Amy Winehouse,"3,487,187,490",157,0,7,50,90,3/31/2007,5353,group,289,"215,719,237",11/23/2021
290,Ryan Lewis,"3,486,320,761",33,1,6,28,32,NA,NA,solo,290,0,6/4/2021
291,YNW Melly,"3,482,724,243",80,0,9,32,77,2/2/2019,1027,solo,291,"313,558,596",11/17/2021
292,Lil Skies,"3,481,126,941",51,0,7,44,51,5/26/2018,1279,solo,292,"716,747,844",11/17/2021
293,Flume,"3,477,893,543",125,0,7,51,117,NA,NA,solo,293,"72,525,427",9/7/2021
294,Tones And I,"3,462,882,347",29,1,4,13,20,10/19/2019,768,solo,294,"724,639",11/23/2021
295,Stevie Wonder,"3,396,794,575",582,0,8,45,147,6/13/1964,20984,solo,295,"233,950,935",8/29/2021
296,Backstreet Boys,"3,393,791,173",134,0,8,38,123,10/28/1995,9525,group,296,"161,565,213",11/23/2021
297,Morgan Wallen,"3,390,029,586",56,0,10,56,56,3/16/2019,985,solo,297,"334,773,254",11/3/2021
298,"Man?,3",378,"179""","44,027,654",217,0,10,147,11/11/2021,NA,298,676,50
299,Miguel,"3,369,113,836",136,0,5,46,109,3/26/2011,3897,solo,299,"1,902,566,777",9/3/2021
300,Hans Zimmer,"3,368,679,488","1,422",0,3,72,475,NA,NA,solo,300,"70,151,456",9/26/2021
301,Alejandro Fern?dez,"3,328,449,536",289,0,6,62,211,NA,NA,solo,301,"266,300,006",8/5/2021
302,Fetty Wap,"3,321,899,161",118,0,7,36,69,2/7/2015,2483,solo,302,"1,492,928,236",1/7/2021
303,Lil Tecca,"3,310,198,168",72,0,8,37,69,6/15/2019,894,solo,303,"239,733,727",11/22/2021
304,Kesha,"3,306,354,951",139,0,8,38,104,7/29/2017,1580,solo,304,"1,672,175,953",11/15/2021
305,Sean Paul,"3,304,701,344",373,0,10,36,128,5/4/2002,7145,solo,305,"3,146,217,843",1/5/2021
306,Jason Aldean,"3,291,955,683",151,0,8,60,133,8/13/2005,5948,solo,306,"134,000,156",11/22/2021
307,Phil Collins,"3,273,106,160",334,0,8,35,143,3/21/1981,14859,solo,307,"99,011,095",11/22/2021
308,Wisin & Yandel,"3,270,926,458",288,0,10,47,130,12/10/2005,5829,group,308,"899,916,309",10/11/2021
309,Lil Tjay,"3,265,235,386",61,0,8,46,60,8/24/2019,824,solo,309,"1,516,264,074",11/13/2021
310,Yandel,"3,252,007,610",173,0,8,51,140,NA,NA,solo,310,"2,319,895,199",9/28/2021
311,Prince Royce,"3,235,569,247",122,0,8,52,112,9/7/2013,3001,solo,311,"1,261,528,518",11/2/2021
312,Three Days Grace,"3,228,533,589",84,0,8,55,82,11/29/2003,6571,group,312,"610,297",11/23/2021
313,Steve Aoki,"3,228,090,914",389,0,6,60,202,NA,NA,solo,313,"1,297,146,988",10/17/2021
314,Matheus & Kauan,"3,227,290,638",159,0,8,71,147,NA,NA,group,314,"569,156,064",11/7/2021
315,Billy Joel,"3,221,073,294",412,0,9,35,136,2/23/1974,17442,solo,315,"7,831,577",11/13/2021
316,Nio Garcia,"3,216,363,995",118,0,7,27,86,NA,NA,solo,316,"111,020,985",11/4/2021
317,Jeremih,"3,211,536,876",123,0,8,33,91,4/25/2009,4597,solo,317,"2,897,368,856",9/19/2021
318,Dr. Dre,"3,198,481,391",85,0,7,29,77,1/30/1993,10526,solo,318,"1,794,542,559",8/26/2021
319,Akon,"3,195,598,621",200,0,8,34,111,1/8/2005,6165,solo,319,"2,940,757,028",11/23/2021
320,Dan + Shay,"3,195,200,426",71,0,7,40,65,1/18/2014,2868,group,320,"22,520,503",10/28/2021
321,Eagles,"3,182,638,854",192,0,5,37,113,6/3/1972,18072,group,321,0,11/21/2021
322,Why Don't We,"3,153,762,831",92,0,10,53,82,10/17/2020,404,group,322,"86,038,587",8/8/2021
323,benny blanco,"3,153,549,277",20,1,6,12,19,NA,NA,solo,323,"14,271,916",11/18/2021
324,Seeb,"3,148,225,045",85,1,6,24,56,NA,NA,solo,324,"13,599,416",1/4/2021
325,Jessie J,"3,141,481,637",118,0,6,32,96,10/29/2011,3680,solo,325,"58,351,166",11/16/2021
326,Lil Mosey,"3,135,692,727",44,0,5,33,44,9/29/2018,1153,solo,326,"405,632,040",10/26/2021
327,George Ezra,"3,134,491,990",59,0,6,34,52,2/14/2015,2476,solo,327,"35,557",9/3/2021
328,Wesley Safad?,"3,121,201,802",267,0,4,54,244,NA,NA,solo,328,"555,937,674",10/18/2021
329,Trey Songz,"3,111,281,269",266,0,5,56,181,12/3/2005,5836,solo,329,"1,290,841,546",11/23/2021
330,Pearl Jam,"3,089,500,881",399,0,7,47,226,11/19/1994,9868,group,330,"1,253,096",3/19/2021
331,Alejandro Sanz,"3,080,738,558",369,0,5,50,201,11/25/2006,5479,solo,331,"502,682,709",11/3/2021
332,CNCO,"3,069,440,151",78,0,5,42,68,NA,NA,group,332,"220,285,472",11/22/2021
333,Johnny Cash,"3,068,093,371","1,561",0,6,47,219,10/4/1958,23063,solo,333,"100,275,517",1/4/2021
334,Mark Ronson,"3,066,439,062",151,1,4,23,82,NA,NA,solo,334,"1,105,229,004",11/17/2021
335,Passenger,"3,047,211,461",216,1,2,44,177,8/17/2013,3022,solo,335,"1,798,813",9/29/2021
336,Lizzo,"3,044,839,773",64,0,6,25,49,5/18/2019,922,solo,336,"49,724,849",11/17/2021
337,Celine Dion,"3,044,680,663",493,0,5,52,241,NA,NA,solo,337,"44,474,768",11/23/2021
338,Aventura,"3,039,952,691",132,0,10,37,107,4/20/2019,950,group,338,"272,099",11/7/2021
339,The Strokes,"3,035,560,945",82,0,6,63,73,10/22/2005,5878,group,339,"2,116,233",10/10/2021
340,Ricky Martin,"3,029,539,895",266,0,6,48,132,7/20/1996,9259,solo,340,"393,710,807",11/23/2021
341,Lin-Manuel Miranda,"3,014,041,417",85,0,9,37,59,NA,NA,solo,341,"189,578,224",8/16/2021
342,Jack Harlow,"3,013,058,515",81,0,6,25,75,11/7/2020,383,solo,342,"206,413,774",11/22/2021
343,Lukas Graham,"3,005,994,250",60,1,3,25,49,2/6/2016,2119,solo,343,"158,206,429",9/21/2021
344,Avenged Sevenfold,"2,994,656,347",164,0,8,59,129,11/12/2005,5857,group,344,"1,889,849",7/1/2021
345,The Offspring,"2,981,916,869",160,0,7,41,122,12/5/1998,8391,group,345,0,8/19/2021
346,H.E.R.,"2,981,391,846",99,0,6,49,91,4/14/2018,1321,solo,346,"375,180,739",11/23/2021
347,Jul,"2,973,006,471",522,0,0,64,495,NA,NA,solo,347,"608,863,254",11/18/2021
348,24kGoldn,"2,970,355,093",53,1,6,18,47,11/23/2019,733,solo,348,"122,554,204",10/28/2021
349,Bob Dylan,"2,966,334,213","1,305",0,6,41,307,4/3/1965,20690,solo,349,0,11/20/2021
350,Marc Anthony,"2,964,609,408",188,0,6,56,135,9/11/1999,8111,solo,350,"1,571,709,749",11/23/2021
351,Cartel De Santa,"2,955,920,850",136,0,6,60,126,NA,NA,group,351,"174,691,552",11/18/2021
352,Train,"2,953,135,246",170,0,6,20,83,10/9/1999,8083,group,352,0,10/9/2021
353,2 Chainz,"2,952,016,003",391,0,7,48,156,12/1/2012,3281,solo,353,"7,707,211,391",6/3/2021
354,Duki,"2,945,641,583",124,0,7,48,112,NA,NA,solo,354,"732,671,579",11/20/2021
355,Pablo Albor?,"2,943,109,408",170,0,8,59,157,NA,NA,solo,355,"199,595,697",11/17/2021
356,Foster The People,"2,914,530,104",90,1,6,36,68,5/14/2011,3848,group,356,"28,653,784",9/3/2021
357,Pentatonix,"2,905,992,219",198,0,2,91,163,12/21/2013,2896,group,357,"3,908,634",11/20/2021
358,Ricardo Arjona,"2,895,999,257",337,0,2,67,258,NA,NA,solo,358,"7,840,502",9/3/2021
359,Calibre 50,"2,885,021,215",227,0,4,66,164,NA,NA,group,359,"65,001,008",11/17/2021
360,ScHoolboy Q,"2,878,619,690",103,0,7,50,98,2/8/2014,2847,solo,360,"1,304,426,537",1/19/2021
361,James Blunt,"2,858,174,256",160,0,6,42,103,11/12/2005,5857,solo,361,"16,816,870",10/9/2021
362,Daniel Caesar,"2,844,617,347",36,0,6,32,35,NA,NA,solo,362,"961,532,352",10/17/2021
363,Rudimental,"2,844,040,533",188,0,6,30,112,NA,NA,group,363,"19,915,054",8/28/2021
364,Lil Yachty,"2,828,394,787",175,0,6,50,146,8/13/2016,1930,solo,364,"4,327,359,058",11/5/2021
365,Macklemore & Ryan Lewis,"2,803,083,548",35,1,5,18,35,NA,NA,group,365,0,1/2/2021
366,Armin van Buuren,"2,795,922,270","2,179",0,4,43,288,NA,NA,solo,366,"189,205,318",9/4/2021
367,Liam Payne,"2,772,394,974",51,0,7,16,39,11/11/2017,1475,solo,367,"16,404,920",11/23/2021
368,Offset,"2,768,909,263",46,0,7,28,34,3/2/2019,999,solo,368,"5,159,683,090",11/18/2021
369,Bon Iver,"2,756,547,170",59,0,5,47,55,NA,NA,group,369,"743,238,757",8/7/2021
370,Nelly,"2,755,444,945",208,0,8,27,89,4/29/2000,7880,solo,370,"623,647,681",11/7/2021
371,Don Toliver,"2,752,765,413",66,0,5,25,58,12/14/2019,712,solo,371,"542,484,098",10/31/2021
372,Sam Hunt,"2,747,992,556",59,0,7,31,54,7/12/2014,2693,solo,372,"16,649,604",9/3/2021
373,Dire Straits,"2,745,386,315",100,0,5,38,95,2/10/1979,15629,group,373,"1,066,153",10/14/2021
374,Sigala,"2,741,489,245",100,0,9,28,67,NA,NA,solo,374,"49,758,671",10/18/2021
375,Anderson .Paak,"2,740,649,062",146,0,2,63,114,NA,NA,solo,375,"1,131,075,799",11/22/2021
376,Bee Gees,"2,727,559,666",447,0,5,33,104,5/27/1967,19906,group,376,"50,437,329",11/22/2021
377,LANY,"2,727,557,847",84,0,8,56,77,NA,NA,solo,377,"258,547,114",11/21/2021
378,Glass Animals,"2,725,334,048",93,0,4,42,74,1/16/2021,313,group,378,"3,282,966",11/1/2021
379,BROCKHAMPTON,"2,721,341,546",112,0,4,67,107,NA,NA,group,379,"890,395",11/15/2021
380,Bryan Adams,"2,714,849,291",350,0,6,32,122,3/13/1982,14502,solo,380,"128,622,453",10/14/2021
381,Quavo,"2,712,821,401",77,0,5,43,64,8/25/2018,1188,solo,381,"9,478,635,777",11/21/2021
382,Ski Mask The Slump God,"2,710,014,009",70,0,7,39,69,12/15/2018,1076,solo,382,"933,185,185",11/2/2021
383,Jhen?Aiko,"2,708,288,613",113,0,7,62,91,NA,NA,solo,383,"2,325,235,116",11/22/2021
384,Blake Shelton,"2,706,078,827",198,0,7,40,124,5/26/2001,7488,solo,384,"208,035,667",11/22/2021
385,Charli XCX,"2,692,721,214",191,0,8,41,129,6/21/2014,2714,solo,385,"1,260,171,665",11/20/2021
386,Mike Posner,"2,684,289,686",179,1,3,19,69,5/15/2010,4212,solo,386,"267,985,880",11/15/2021
387,Arijit Singh,"2,678,542,360",467,0,1,66,212,NA,NA,solo,387,"551,936,173",11/23/2021
388,Alec Benjamin,"2,671,165,226",34,0,5,29,33,NA,NA,solo,388,"1,768,648",11/22/2021
389,Zac Brown Band,"2,665,284,207",135,0,5,45,105,10/4/2008,4800,group,389,"9,980,501",9/16/2021
390,Dean Lewis,"2,664,770,895",37,1,6,21,34,11/10/2018,1111,solo,390,"1,590,904",10/5/2021
391,Lil Durk,"2,660,820,908",303,0,2,49,215,5/23/2020,551,solo,391,"1,952,764,770",11/14/2021
392,Jeremy Zucker,"2,657,586,274",96,0,6,32,81,NA,NA,solo,392,"132,164,307",10/24/2021
393,The Vamps,"2,656,516,116",148,0,8,33,114,NA,NA,group,393,0,10/18/2021
394,Cage The Elephant,"2,645,765,503",108,0,5,39,83,6/20/2009,4541,group,394,"2,257,395",11/2/2021
395,Carlos Vives,"2,634,973,119",253,0,5,33,138,NA,NA,solo,395,"187,400,087",10/11/2021
396,Skillet,"2,627,998,295",185,0,7,46,108,9/12/2009,4457,group,396,"49,346",11/21/2021
397,Iron Maiden,"2,620,068,098",422,0,5,45,265,NA,NA,group,397,0,11/19/2021
398,PARTYNEXTDOOR,"2,612,063,990",78,0,8,45,77,2/4/2017,1755,solo,398,"1,653,897,950",8/1/2021
399,The Black Keys,"2,610,642,075",151,0,5,48,135,11/6/2010,4037,group,399,0,9/25/2021
400,R3HAB,"2,599,363,557",278,0,3,60,177,NA,NA,solo,400,"1,031,797,301",4/1/2021
401,Danny Ocean,"2,597,882,655",46,1,4,21,31,NA,NA,solo,401,"161,803,808",11/7/2021
402,Birdy,"2,596,857,584",102,0,7,38,85,NA,NA,solo,402,"81,398,948",11/23/2021
403,A$AP Ferg,"2,581,454,063",97,0,5,45,90,6/8/2013,3092,solo,403,"1,289,205,780",11/21/2021
404,Ninho,"2,575,029,540",129,0,2,84,110,NA,NA,solo,404,"1,180,632,700",8/26/2021
405,Maren Morris,"2,561,997,404",58,1,5,22,48,2/13/2016,2112,solo,405,"487,404,479",11/22/2021
406,The Police,"2,552,546,470",124,0,4,17,83,2/24/1979,15615,group,406,"63,893",9/27/2021
407,Marvin Gaye,"2,542,567,834",725,0,6,23,103,10/20/1962,21586,solo,407,"31,697,491",6/14/2021
408,The Doors,"2,542,007,901",700,0,7,44,133,6/3/1967,19899,group,408,"22,462,653",11/15/2021
409,ILLENIUM,"2,530,287,130",195,0,4,51,138,NA,NA,group,409,"138,316,438",8/24/2021
410,Boyce Avenue,"2,527,510,203",414,0,0,59,325,NA,NA,group,410,"172,556",3/9/2021
411,Lost Frequencies,"2,526,122,879",343,0,6,26,105,NA,NA,solo,411,"249,791,580",9/16/2021
412,Carly Rae Jepsen,"2,522,075,092",137,0,5,31,98,3/10/2012,3547,solo,412,"60,002,291",11/14/2021
413,Bradley Cooper,"2,505,890,588",12,1,4,10,10,10/20/2018,1132,solo,413,"360,983",11/11/2021
414,T.I.,"2,505,264,423",452,0,6,37,199,8/2/2003,6690,solo,414,"2,375,139,213",10/11/2021
415,RAF Camora,"2,497,081,172",334,0,3,57,140,NA,NA,solo,415,"978,379,040",11/20/2021
416,Soda Stereo,"2,494,704,075",198,0,4,44,172,NA,NA,group,416,"7,882",11/10/2021
417,Chris Stapleton,"2,489,597,830",60,0,7,43,57,11/21/2015,2196,solo,417,"535,263,079",11/21/2021
418,Tim McGraw,"2,487,273,067",265,0,5,50,125,3/5/1994,10127,solo,418,"57,458,469",9/4/2021
419,Madison Beer,"2,487,181,150",52,0,10,26,45,NA,NA,solo,419,"123,502,212",11/20/2021
420,Rise Against,"2,477,579,916",171,0,4,46,157,2/12/2011,3939,group,420,"2,529",6/30/2021
421,Calum Scott,"2,474,162,397",61,0,6,19,48,2/11/2017,1748,solo,421,"29,436,766",11/18/2021
422,John Williams,"2,473,267,821","2,125",0,2,27,321,12/24/1977,16042,solo,422,"12,238,904",4/25/2021
423,Mabel,"2,469,079,813",122,0,6,20,71,4/6/2019,964,solo,423,"7,559,444",11/18/2021
424,Iggy Azalea,"2,459,079,514",108,0,6,27,67,5/17/2014,2749,solo,424,"1,033,128,041",11/23/2021
425,Bibi Blocksberg,"2,454,680,653","5,166",0,0,1,367,NA,NA,solo,425,"76,626",10/9/2021
426,Juanes,"2,454,384,110",202,0,7,33,113,4/9/2005,6074,solo,426,"652,732,835",8/21/2021
427,Lunay,"2,449,610,442",54,0,6,27,50,NA,NA,solo,427,"747,188,315",11/23/2021
428,Mau y Ricky,"2,449,094,717",60,0,5,30,57,NA,NA,group,428,"232,947,793",10/26/2021
429,Eric Church,"2,449,054,342",250,0,4,49,115,7/22/2006,5605,solo,429,"258,711,103",11/12/2021
430,SAINt JHN,"2,446,549,724",54,1,1,30,52,4/4/2020,600,solo,430,"113,874,585",10/25/2021
431,Maiara & Maraisa,"2,437,861,820",147,0,6,48,142,NA,NA,group,431,"649,442,096",11/22/2021
432,alt-J,"2,432,389,757",133,0,6,36,84,10/11/2014,2602,group,432,"748,988",2/7/2021
433,ROSALIA,"2,431,872,126",37,0,5,27,37,NA,NA,solo,433,"1,532,181,923",11/23/2021
434,Noah Cyrus,"2,427,723,360",64,0,6,26,57,NA,NA,solo,434,"111,214,218",11/21/2021
435,Korn,"2,416,924,467",282,0,4,44,191,5/25/2002,7124,group,435,"8,106,247",10/29/2021
436,Weezer,"2,410,637,605",252,0,4,41,186,10/1/1994,9917,group,436,"4,330,558",9/11/2021
437,Summer Walker,"2,405,464,085",86,0,6,47,73,9/7/2019,810,solo,437,"828,062,244",11/22/2021
438,M?eskin,"2,404,108,879",31,0,4,24,29,NA,NA,solo,438,"2,873,625",11/21/2021
439,Norah Jones,"2,397,936,101",265,0,4,54,139,9/28/2002,6998,solo,439,"117,250,095",11/22/2021
440,Conan Gray,"2,396,056,362",25,0,3,24,25,8/29/2020,453,solo,440,0,11/20/2021
441,Rich The Kid,"2,394,040,011",156,0,4,41,118,2/24/2018,1370,solo,441,"1,720,811,383",11/21/2021
442,Nick Jonas,"2,391,622,288",95,0,8,26,73,9/25/2010,4079,solo,442,"49,934,337",10/12/2021
443,Destiny's Child,"2,390,666,856",165,0,7,18,83,11/29/1997,8762,group,443,"16,442,200",11/22/2021
444,The Cure,"2,386,064,850",516,0,5,23,164,2/15/1986,13067,group,444,"1,105,177",10/17/2021
445,Hillsong Worship,"2,382,405,691",830,0,1,59,273,NA,NA,group,445,"13,420,180",4/17/2021
446,Journey,"2,379,474,809",260,1,5,17,82,4/8/1978,15937,group,446,"3,468",9/4/2021
447,Kenny Chesney,"2,379,335,824",277,0,3,48,178,5/9/1998,8601,solo,447,"130,548,443",9/16/2021
448,La Arrolladora Banda El Lim? De Rene Camacho,"2,377,937,424",323,0,3,56,219,NA,NA,group,448,"8,659,502",3/29/2021
449,EXO,"2,373,198,734",310,0,6,53,159,NA,NA,group,449,0,11/23/2021
450,Los í–šgeles Azules,"2,372,052,568",311,0,5,53,113,NA,NA,group,450,"67,465,206",10/19/2021
451,Rex Orange County,"2,362,465,362",46,0,6,31,38,NA,NA,solo,451,"278,794,678",7/5/2021
452,Jesse & Joy,"2,353,812,626",106,0,9,35,86,NA,NA,group,452,"305,642,333",10/31/2021
453,Normani,"2,350,823,172",15,0,3,12,14,8/31/2019,817,solo,453,"96,930,995",11/21/2021
454,Bonez MC,"2,343,810,425",159,0,4,51,109,NA,NA,solo,454,"1,455,849,772",11/21/2021
455,MAGIC!,"2,336,632,865",66,0,3,17,53,5/10/2014,2756,group,455,"192,399,336",1/13/2021
456,Paul McCartney,"2,336,588,732",821,0,3,24,163,3/6/1971,18527,solo,456,"353,359,001",11/13/2021
457,"Amin?,2",335,"019""","139,278,805",72,0,4,68,11/15/2021,solo,457,478,37
458,The xx,"2,334,576,947",75,0,5,36,65,NA,NA,group,458,"7,809,950",8/23/2021
459,X Ambassadors,"2,333,488,761",119,0,4,32,87,5/2/2015,2399,group,459,"1,110,121,969",11/1/2021
460,Sam Feldt,"2,316,428,982",148,0,4,44,101,NA,NA,solo,460,"278,689,842",4/22/2021
461,JP Cooper,"2,313,756,992",110,0,4,26,78,NA,NA,solo,461,"41,450,367",3/29/2021
462,Simon & Garfunkel,"2,313,385,499",172,0,5,24,119,11/20/1965,20459,group,462,0,10/18/2021
463,PNL,"2,309,815,285",72,0,1,65,72,NA,NA,group,463,0,11/20/2021
464,Jon Bellion,"2,309,740,533",85,0,3,44,80,10/29/2016,1853,solo,464,"295,021,535",9/21/2021
465,Depeche Mode,"2,307,763,422",623,0,3,39,257,5/25/1985,13333,group,465,0,10/26/2021
466,Breaking Benjamin,"2,306,063,405",102,0,3,51,97,9/11/2004,6284,group,466,0,10/28/2021
467,Os Bar?s Da Pisadinha,"2,298,872,012",144,0,6,61,118,NA,NA,group,467,"45,953,136",10/20/2021
468,Juan Gabriel,"2,298,030,902",476,0,1,52,219,NA,NA,solo,468,"88,525,686",8/28/2021
469,Eric Clapton,"2,297,376,676",641,0,6,23,201,10/17/1970,18667,solo,469,"432,236,066",9/22/2021
470,iann dior,"2,296,968,920",45,0,5,27,42,NA,NA,solo,470,"162,741,711",3/30/2021
471,Kid Ink,"2,294,713,265",186,0,5,38,130,NA,NA,solo,471,"2,561,501,342",9/3/2021
472,Becky Hill,"2,289,419,718",164,0,7,21,64,NA,NA,solo,472,"25,614,697",10/20/2021
473,The Beach Boys,"2,286,152,890","1,422",0,7,25,130,2/17/1962,21831,group,473,"6,831,838",11/23/2021
474,Volbeat,"2,279,715,119",192,0,5,48,140,NA,NA,group,474,"174,740",11/22/2021
475,MEDUZA,"2,278,364,238",45,0,4,10,28,NA,NA,group,475,"9,103,231",10/26/2021
476,Ufo361,"2,273,580,644",233,0,0,63,185,NA,NA,solo,476,"563,647,237",10/13/2021
477,Dimitri Vegas & Like Mike,"2,269,766,636",252,0,2,52,135,NA,NA,group,477,"105,236,190",8/12/2021
478,The Game,"2,260,760,226",727,0,6,36,198,6/4/2005,6018,solo,478,"519,652,828",10/30/2021
479,Jimi Hendrix,"2,253,337,311",502,0,5,28,134,12/23/1967,19696,solo,479,"429,418",11/23/2021
480,Bizarrap,"2,243,379,165",77,0,5,50,74,NA,NA,solo,480,"376,175,643",11/14/2021
481,Grey,"2,237,009,771",52,1,2,7,21,NA,NA,solo,481,"17,803,531",3/29/2021
482,George Michael,"2,231,488,983",187,0,3,31,119,4/26/1986,12997,solo,482,"26,266,417",11/23/2021
483,MARINA,"2,230,541,292",114,0,4,50,90,NA,NA,solo,483,"6,427,865",11/22/2021
484,AJR,"2,229,775,743",86,0,5,35,61,6/21/2014,2714,group,484,"92,176,747",10/13/2021
485,KYLE,"2,221,095,540",102,0,4,29,84,NA,NA,solo,485,"142,308,083",10/26/2021
486,Outkast,"2,220,310,296",163,0,4,23,120,NA,NA,group,486,"77,417,373",1/3/2021
487,Matoma,"2,218,870,898",113,0,5,29,76,NA,NA,solo,487,"286,156,543",5/14/2021
488,B.o.B,"2,216,408,358",417,0,6,22,79,4/24/2010,4233,solo,488,"1,126,272,007",10/13/2021
489,Hillsong UNITED,"2,213,882,439",345,0,2,55,221,2/1/2014,2854,group,489,"117,014,211",7/6/2021
490,Sabrina Carpenter,"2,212,958,841",86,0,6,36,74,2/6/2021,292,solo,490,"139,429,191",10/15/2021
491,R.E.M.,"2,212,595,321",555,0,5,18,121,7/23/1983,14005,group,491,"93,512",11/12/2021
492,NLE Choppa,"2,211,884,387",101,0,4,32,80,5/4/2019,936,solo,492,"473,864,680",9/27/2021
493,Imanbek,"2,202,218,740",49,1,1,15,35,NA,NA,solo,493,"17,589,546",10/9/2021
494,Jax Jones,"2,198,370,899",60,0,8,16,40,NA,NA,solo,494,"286,794,203",4/27/2021
495,The Fray,"2,197,544,356",98,0,5,22,60,2/25/2006,5752,group,495,"4,086,680",11/1/2021
496,Samra,"2,196,747,670",103,0,3,50,103,NA,NA,solo,496,"247,667,116",11/21/2021
497,Papa Roach,"2,186,301,108",219,0,3,33,136,7/29/2000,7789,group,497,"29,615,688",4/3/2021
498,Rick Ross,"2,185,132,256",320,0,4,41,182,5/20/2006,5668,solo,498,"4,451,513,119",9/23/2021
499,T-Pain,"2,174,064,184",209,0,6,28,108,8/27/2005,5934,solo,499,"2,648,920,275",10/25/2021
500,bbno$,"2,162,043,311",143,0,2,35,114,NA,NA,solo,500,"208,808,519",11/21/2021
501,Tate McRae,"2,160,117,039",39,0,5,23,37,9/5/2020,446,solo,501,"3,293,039",11/23/2021
502,DNCE,"2,154,397,216",31,1,4,17,30,11/7/2015,2210,group,502,"288,985,200",9/3/2021
503,Milky Chance,"2,153,672,895",57,0,4,28,54,8/9/2014,2665,group,503,"6,155,489",10/29/2021
504,Robbie Williams,"2,150,770,809",395,0,5,36,189,6/5/1999,8209,solo,504,"18,579,742",10/20/2021
505,Christina Perri,"2,145,930,404",76,0,3,15,50,7/17/2010,4149,solo,505,"60,118,995",6/22/2021
506,Rag'n'Bone Man,"2,139,559,897",129,0,3,27,76,4/22/2017,1678,solo,506,"71,286,582",10/14/2021
507,Van Morrison,"2,137,718,521",842,0,4,19,123,7/15/1967,19857,solo,507,"71,743,471",10/23/2021
508,Years & Years,"2,136,276,288",87,0,7,28,65,NA,NA,group,508,"71,667,883",7/18/2021
509,KHEA,"2,135,366,869",72,0,5,39,69,NA,NA,solo,509,"737,187,743",11/11/2021
510,Lynyrd Skynyrd,"2,132,758,541",361,0,4,15,75,7/27/1974,17288,group,510,"265,570",11/15/2021
511,Juan Mag?,"2,132,723,236",225,0,5,40,105,NA,NA,solo,511,"770,831,049",7/19/2021
512,Stormzy,"2,132,107,611",69,0,5,48,67,NA,NA,solo,512,"901,352,007",10/19/2021
513,Shinedown,"2,128,837,552",176,0,3,48,115,11/19/2005,5850,group,513,0,10/18/2021
514,Of Monsters and Men,"2,118,301,290",60,0,5,28,52,NA,NA,group,514,"3,042,587",11/11/2021
515,Ludovico Einaudi,"2,116,061,503",507,0,3,38,221,NA,NA,slo,515,"2,128,695",6/29/2021
516,Keith Urban,"2,101,360,520",192,0,6,34,111,7/15/2000,7803,solo,516,"313,101,546",11/7/2021
517,The Smiths,"2,093,543,495",143,0,5,42,107,NA,NA,group,517,"138,291",11/16/2021
518,Kali Uchis,"2,089,997,347",63,0,3,47,59,3/6/2021,264,solo,518,"1,271,502,521",11/22/2021
519,Hollywood Undead,"2,089,253,005",138,0,3,66,124,NA,NA,group,519,"12,917,755",10/24/2021
520,Daryl Hall & John Oates,"2,085,197,121",518,0,4,12,60,NA,NA,group,520,"25,877",11/20/2021
521,The Cranberries,"2,078,075,509",263,0,4,19,115,10/23/1993,10260,group,521,"2,592,891",11/19/2021
522,All Time Low,"2,076,356,282",209,0,2,46,158,7/4/2009,4527,group,522,"909,165",8/31/2021
523,PnB Rock,"2,067,956,562",97,0,5,34,85,11/26/2016,1825,solo,523,"1,634,089,922",10/30/2021
524,Aya Nakamura,"2,067,262,774",67,0,5,32,67,NA,NA,solo,524,"131,803,710",11/23/2021
525,Rage Against The Machine,"2,062,437,666",109,0,3,29,78,10/30/1999,8062,group,525,"444,029",10/14/2021
526,Black Sabbath,"2,062,006,122",284,0,3,31,113,11/28/1970,18625,group,526,"12,240,278",11/20/2021
527,Brytiago,"2,051,767,485",76,0,5,34,68,NA,NA,solo,527,"1,765,174,794",11/23/2021
528,Sublime,"2,050,727,942",219,0,5,26,115,12/20/1997,8741,group,528,"120,272",11/18/2021
529,"Earth, Wind & Fire","2,049,724,576",419,0,3,19,64,7/3/1971,18408,group,529,"74,980,903",9/1/2021
530,Axwell /\ Ingrosso,"2,043,412,175",47,0,4,17,38,NA,NA,group,530,"2,161,352",7/3/2021
531,Kodaline,"2,037,946,890",122,0,4,31,84,NA,NA,group,531,"263,807,973",10/31/2021
532,A Day To Remember,"2,034,046,038",133,0,3,53,124,NA,NA,group,532,0,8/30/2021
533,TOTO,"2,027,598,148",394,1,3,10,75,NA,NA,group,533,"2,940,202",6/20/2021
534,Rels B,"2,026,937,993",91,0,2,54,88,NA,NA,solo,534,"16,906,675",5/26/2021
535,Sfera Ebbasta,"2,024,711,598",81,0,0,56,80,NA,NA,solo,535,"1,006,905,107",11/21/2021
536,GIMS,"2,022,497,969",176,0,2,44,151,NA,NA,solo,536,"249,678,447",10/23/2021
537,Melendi,"2,021,962,928",214,0,2,50,189,NA,NA,solo,537,"113,810,448",11/23/2021
538,MGMT,"2,016,545,392",86,0,4,20,60,3/21/2009,4632,group,538,"836,172,737",11/3/2021
539,Andy Grammer,"2,013,708,497",74,0,5,21,69,6/18/2011,3813,solo,539,"4,496,550",9/3/2021
540,Prince,"2,011,668,993",747,0,4,29,164,11/4/1978,15727,solo,540,"3,275,835",11/18/2021
541,Vicente Fern?dez,"2,011,298,442",831,0,0,43,283,NA,NA,solo,541,"79,252,787",8/26/2021
542,Rod Stewart,"2,001,042,568",730,0,4,36,208,7/17/1971,18394,solo,542,"427,305,944",11/21/2021
543,C. Tangana,"1,995,556,500",78,0,5,41,76,NA,NA,solo,543,"134,588,745",11/21/2021
544,Don Diablo,"1,994,189,382",238,0,1,56,125,NA,NA,solo,544,"100,923,748",11/3/2021
545,Aretha Franklin,"1,992,239,829",917,0,4,27,130,10/7/1961,21964,solo,545,"12,408,135",11/17/2021
546,Dermot Kennedy,"1,989,932,199",65,0,4,34,55,NA,NA,solo,546,0,9/5/2021
547,Carrie Underwood,"1,987,425,116",158,0,3,36,110,7/2/2005,5990,solo,547,"340,332,204",11/22/2021
548,The White Stripes,"1,982,166,424",172,0,3,18,108,5/24/2003,6760,group,548,0,9/11/2021
549,Enya,"1,981,843,724",143,0,3,49,125,1/21/1989,11996,group,549,"404,965,994",11/19/2021
550,Scorpions,"1,980,827,575",344,0,5,16,139,6/19/1982,14404,group,550,"1,628,754",6/21/2021
551,ODESZA,"1,980,615,898",157,0,2,48,124,NA,NA,group,551,"114,604,652",9/4/2021
552,Sabaton,"1,976,827,302",259,0,0,66,152,NA,NA,group,552,"986,837",11/7/2021
553,Evanescence,"1,968,152,472",109,0,3,26,90,1/10/2004,6529,group,553,"26,126",11/15/2021
554,Damso,"1,966,562,632",91,0,1,68,88,NA,NA,solo,554,"577,493,597",11/21/2021
555,Nelly Furtado,"1,954,409,272",210,0,6,13,55,3/3/2001,7572,solo,555,"237,668,108",11/20/2021
556,Grupo Firme,"1,952,477,130",198,0,5,47,115,NA,NA,group,556,"373,842,163",10/29/2021
557,Bibi und Tina,"1,951,141,273","3,428",0,0,1,354,NA,NA,group,557,"22,746,305",10/9/2021
558,George Strait,"1,950,225,073",444,0,2,43,194,10/9/1993,10274,solo,558,"27,378,857",11/8/2021
559,Mustard,"1,949,734,790",74,0,4,17,53,NA,NA,solo,559,"1,671,534,288",9/3/2021
560,Tainy,"1,946,553,010",39,0,3,13,29,NA,NA,solo,560,"1,251,603,662",10/1/2021
561,"Pedro Cap?,1",944,"418""","125,128,429",69,0,3,41,7/25/2021,solo,561,751,11
562,Bryant Myers,"1,938,711,275",97,0,4,44,87,NA,NA,solo,562,"1,857,271,122",11/14/2021
563,El Alfa,"1,936,293,752",171,0,5,35,110,NA,NA,solo,563,"394,695,018",7/17/2021
564,Van Halen,"1,935,463,127",188,0,4,24,108,1/28/1978,16007,group,564,"23,824",8/9/2021
565,WALK THE MOON,"1,928,606,850",89,1,3,24,51,11/22/2014,2560,group,565,"99,430,411",9/23/2021
566,Shaggy,"1,925,456,469",409,0,5,21,94,8/14/1993,10330,solo,566,"446,282,356",9/2/2021
567,Luciano,"1,917,406,083",147,0,0,56,118,NA,NA,solo,567,"343,489,329",11/18/2021
568,gnash,"1,915,854,995",76,1,2,23,60,NA,NA,solo,568,"271,054,469",9/3/2021
569,Sum 41,"1,914,120,930",127,0,5,30,96,9/1/2001,7390,group,569,"5,105,171",11/23/2021
570,Nacho,"1,909,861,548",111,0,6,24,52,NA,NA,solo,570,"123,482,621",11/4/2021
571,Hardwell,"1,904,378,051",412,0,0,45,157,NA,NA,solo,571,"239,216,545",9/4/2021
572,Ozzy Osbourne,"1,902,349,747",218,0,3,22,122,3/22/1986,13032,solo,572,"55,625,170",11/20/2021
573,Marilyn Manson,"1,891,733,736",227,0,3,32,171,NA,NA,solo,573,"48,280,274",10/23/2021
574,Two Door Cinema Club,"1,875,524,020",135,0,4,29,88,NA,NA,group,574,"1,802,459",10/1/2021
575,Noriel,"1,873,865,176",88,0,4,36,80,NA,NA,solo,575,"1,213,780,774",11/10/2021
576,Carlos Rivera,"1,873,483,972",204,0,3,37,140,NA,NA,solo,576,"437,377,632",10/26/2021
577,Stray Kids,"1,872,566,904",111,0,2,60,104,NA,NA,group,577,"20,706,231",11/10/2021
578,Clairo,"1,869,379,396",25,0,7,25,25,10/24/2020,397,solo,578,"619,823,191",11/20/2021
579,RAYE,"1,864,212,139",84,0,4,22,52,NA,NA,solo,579,"528,390,467",11/20/2021
580,Mac DeMarco,"1,858,140,582",158,0,4,43,111,NA,NA,solo,580,"41,504,498",8/23/2021
581,3 Doors Down,"1,855,326,422",145,0,3,17,102,4/8/2000,7901,group,581,"587,256",10/30/2021
582,Desiigner,"1,852,061,331",51,1,2,14,40,3/12/2016,2084,solo,582,"520,531,469",11/21/2021
583,Ella Mai,"1,846,702,210",37,0,5,32,36,4/14/2018,1321,solo,583,"279,339,801",10/15/2021
584,Sara Bareilles,"1,846,574,683",187,0,5,22,108,11/17/2007,5122,solo,584,"74,016,418",11/5/2021
585,Arizona Zervas,"1,842,426,067",30,1,2,14,30,11/16/2019,740,solo,585,"16,427,395",11/22/2021
586,De La Ghetto,"1,839,686,676",146,0,4,34,88,NA,NA,solo,586,"2,016,862,956",9/11/2021
587,Jorja Smith,"1,835,734,619",68,0,4,38,62,NA,NA,solo,587,"394,177,118",10/5/2021
588,Louis Tomlinson,"1,835,676,621",42,0,4,19,28,NA,NA,solo,588,0,11/12/2021
589,Alan Jackson,"1,834,172,525",274,0,2,37,156,7/10/1993,10365,solo,589,"75,453,285",11/21/2021
590,Dave,"1,829,989,579",58,0,4,39,58,NA,NA,solo,590,"100,469,085",10/18/2021
591,Ali Gatie,"1,828,589,230",38,0,4,19,34,6/29/2019,880,solo,591,"2,004,084",10/27/2021
592,Colbie Caillat,"1,825,164,259",105,0,3,17,89,6/2/2007,5290,solo,592,"100,772,650",9/2/2021
593,Fergie,"1,824,083,843",78,0,6,10,45,8/5/2006,5591,solo,593,"176,011,407",10/15/2021
594,"Jos?Jos?,1",819,"635""","110,812,739",448,0,1,164,9/29/2021,solo,594,408,46
595,R. Kelly,"1,818,765,772",360,0,2,27,195,10/30/1993,10253,solo,595,"369,434,506",9/2/2021
596,Bethel Music,"1,817,317,476",285,0,0,43,240,NA,NA,group,596,0,9/30/2021
597,Cali Y El Dandee,"1,807,094,119",60,0,5,28,52,NA,NA,group,597,"165,763,977",2/19/2021
598,Luan Santana,"1,802,590,547",197,0,3,36,150,NA,NA,solo,598,"225,489,694",11/23/2021
599,Rascal Flatts,"1,799,864,611",227,0,4,26,114,5/6/2000,7873,group,599,"49,788,758",9/2/2021
600,Red Velvet,"1,799,371,536",118,0,5,25,103,NA,NA,group,600,"11,633,120",11/23/2021
601,Jaden,"1,797,223,538",110,0,2,37,94,NA,NA,solo,601,"1,309,766,537",11/14/2021
602,Gotye,"1,788,466,941",56,0,2,9,25,5/5/2012,3491,solo,602,"4,367,557",2/7/2021
603,Vampire Weekend,"1,788,416,615",74,0,2,45,67,NA,NA,group,603,0,11/17/2021
604,Jay Wheeler,"1,780,230,033",102,0,2,28,76,NA,NA,solo,604,"375,864,947",11/19/2021
605,The Clash,"1,777,564,972",236,0,3,22,92,3/22/1980,15223,group,605,0,11/7/2021
606,Astrid S,"1,776,939,827",100,0,4,34,76,NA,NA,solo,606,"116,767,544",7/6/2021
607,M83,"1,775,895,331",238,0,2,20,111,NA,NA,group,607,"14,860,363",11/17/2021
608,Aloe Blacc,"1,775,884,212",208,0,4,21,64,12/28/2013,2889,solo,608,"229,455,652",11/21/2021
609,Sido,"1,773,546,049",359,0,2,40,173,NA,NA,solo,609,"458,747,712",9/21/2021
610,Marco Antonio Sol?,"1,772,036,257",210,0,3,37,153,NA,NA,solo,610,"585,715,407",11/19/2021
611,Ms. Lauryn Hill,"1,771,091,283",89,0,5,24,56,NA,NA,solo,611,"281,629,726",11/18/2021
612,Rod Wave,"1,768,977,459",111,0,3,45,107,11/23/2019,733,solo,612,"45,376,681",11/22/2021
613,Jessie Reyez,"1,766,165,665",61,0,3,25,54,NA,NA,solo,613,"459,720,608",11/3/2021
614,OMI,"1,765,777,327",43,1,2,7,26,5/9/2015,2392,solo,614,"119,271,377",10/16/2021
615,"M?,1",761,"850""","3,191,790,440",112,0,4,78,10/20/2021,solo,615,472,29
616,MC Kevinho,"1,759,208,143",59,0,3,31,49,NA,NA,solo,616,"252,393,656",6/21/2021
617,Willy William,"1,753,410,087",81,1,3,11,27,NA,NA,solo,617,"324,137,636",11/10/2021
618,The Smashing Pumpkins,"1,751,426,436",418,0,5,23,130,11/11/1995,9511,group,618,0,10/8/2021
619,Joyner Lucas,"1,747,515,348",83,0,3,32,76,NA,NA,solo,619,"651,141,507",9/22/2021
620,Stefflon Don,"1,747,116,518",76,0,6,20,59,NA,NA,solo,620,"301,319,490",11/21/2021
621,Pharrell Williams,"1,746,361,341",108,0,2,20,59,1/18/2014,2868,solo,621,"5,676,294,521",11/4/2021
622,TINI,"1,742,090,768",65,0,5,28,58,NA,NA,solo,622,"235,495,583",11/23/2021
623,Kacey Musgraves,"1,741,415,685",126,0,2,36,88,12/29/2012,3253,solo,623,"115,099,876",11/22/2021
624,Joey Bada$$,"1,738,277,747",111,0,3,44,90,NA,NA,solo,624,"649,525,855",11/15/2021
625,Goodboys,"1,733,504,326",38,0,3,7,15,NA,NA,group,625,"3,127,165",7/13/2021
626,Limp Bizkit,"1,729,420,743",114,0,5,21,93,7/31/1999,8153,group,626,"2,809,309",2/22/2021
627,Joel Corry,"1,727,811,323",134,0,5,10,47,NA,NA,solo,627,"14,348,295",11/7/2021
628,Joan Sebastian,"1,722,021,223",470,0,2,32,188,NA,NA,solo,628,0,10/31/2020
629,Annie Lennox,"1,720,968,638",322,0,3,20,78,5/16/1992,10785,solo,629,"7,891,814",10/8/2021
630,Mike WiLL Made-It,"1,719,563,002",135,0,5,27,68,NA,NA,solo,630,"238,152,584",5/8/2021
631,Natanael Cano,"1,717,611,497",116,0,3,38,107,NA,NA,solo,631,"164,203,938",11/16/2021
632,Sleeping At Last,"1,715,283,824",275,0,3,37,162,NA,NA,group,632,"90,559",7/30/2021
633,Tom Odell,"1,712,455,024",125,0,3,23,72,NA,NA,solo,633,"41,497,248",11/18/2021
634,Thirty Seconds To Mars,"1,711,915,432",83,0,4,32,74,8/5/2006,5591,group,634,"45,274,414",9/16/2021
635,SEVENTEEN,"1,710,634,558",132,0,1,45,126,NA,NA,group,635,0,11/19/2021
636,The Kooks,"1,709,760,603",230,0,5,27,94,NA,NA,group,636,0,7/19/2021
637,Westlife,"1,709,498,431",217,0,2,35,141,4/1/2000,7908,group,637,"20,678",11/7/2021
638,Lord Huron,"1,706,099,834",75,0,3,20,66,5/6/2017,1664,group,638,0,9/25/2021
639,Leon Bridges,"1,705,965,071",70,0,3,35,68,NA,NA,solo,639,"180,835,227",11/5/2021
640,Portugal. The Man,"1,704,124,466",170,0,1,25,86,7/8/2017,1601,group,640,"40,958,424",2/22/2021
641,DMX,"1,704,072,208",299,0,4,22,92,8/15/1998,8503,solo,641,"227,586,047",11/23/2021
642,Olly Murs,"1,697,526,985",179,0,4,23,108,NA,NA,solo,642,"26,746,459",9/14/2021
643,Lofi Fruits Music,"1,690,425,100","1,087",0,0,15,448,NA,NA,solo,643,"110,241,102",9/6/2021
644,El Fantasma,"1,689,393,864",183,0,2,47,136,NA,NA,solo,644,"43,098,880",8/18/2021
645,Loud Luxury,"1,688,216,803",129,0,2,21,42,NA,NA,group,645,"44,501,635",9/4/2021
646,Danna Paola,"1,687,431,847",103,0,5,28,66,NA,NA,solo,646,"49,384,920",11/22/2021
647,Snow Patrol,"1,686,701,694",191,0,2,22,97,6/3/2006,5654,group,647,"88,965",11/7/2021
648,Trevor Daniel,"1,684,760,342",48,1,2,12,43,11/30/2019,726,solo,648,"162,409,345",11/7/2021
649,Keane,"1,675,260,458",194,0,2,23,104,2/12/2005,6130,group,649,"576,623",11/1/2021
650,Ha*Ash,"1,673,935,756",125,0,3,37,90,NA,NA,group,650,"389,904,885",10/31/2021
651,Kontra K,"1,667,863,518",224,0,0,49,146,NA,NA,solo,651,"175,041,048",5/15/2021
652,Nekfeu,"1,663,428,661",95,0,0,64,88,NA,NA,solo,652,"420,126,358",10/22/2021
653,Calle 13,"1,662,465,310",81,0,4,32,76,NA,NA,group,653,"101,517,310",11/17/2021
654,Ciara,"1,661,765,807",155,0,4,23,86,10/29/2005,5871,solo,654,"421,915,122",11/16/2021
655,Michael Silverman,"1,660,294,072",934,0,0,45,224,NA,NA,solo,655,"202,368",2/26/2021
656,Topic,"1,653,586,230",80,0,2,16,45,NA,NA,solo,656,"5,769,890",8/12/2021
657,Queens of the Stone Age,"1,653,412,930",142,0,2,39,106,NA,NA,group,657,0,7/11/2021
658,Booba,"1,652,026,341",235,0,0,47,188,NA,NA,solo,658,"622,348,667",11/12/2021
659,Owl City,"1,651,691,885",109,0,2,25,101,9/5/2009,4464,group,659,"83,245,272",8/18/2021
660,Santana,"1,650,082,208",614,0,4,24,125,10/25/1969,19024,group,660,"3,221,169",10/21/2021
661,The Who,"1,643,130,538",776,0,6,14,91,3/27/1965,20697,group,661,0,11/8/2021
662,Gerardo Ortiz,"1,642,590,276",233,0,1,36,170,NA,NA,solo,662,"411,753,848",2/12/2021
663,Swedish House Mafia,"1,641,850,031",36,0,5,16,30,NA,NA,group,663,"1,825,989",10/18/2021
664,Dierks Bentley,"1,641,067,921",149,0,4,24,85,6/21/2003,6732,solo,664,"151,851,446",9/2/2021
665,Ben Howard,"1,637,484,586",60,0,4,27,50,NA,NA,solo,665,"463,674",10/23/2021
666,Moneybagg Yo,"1,634,135,129",252,0,0,40,181,5/23/2020,551,solo,666,"860,173,671",10/22/2021
667,Blueface,"1,631,127,998",91,0,4,26,70,1/26/2019,1034,solo,667,"524,266,933",11/21/2021
668,Kelly Rowland,"1,628,739,740",173,0,4,17,68,9/28/2002,6998,solo,668,"661,225,693",1/22/2021
669,Afrojack,"1,628,200,244",305,0,2,32,121,NA,NA,solo,669,"1,395,253,007",5/2/2021
670,Incubus,"1,624,593,194",229,0,3,28,128,2/17/2001,7586,group,670,0,9/2/2021
671,Gryffin,"1,624,514,140",120,0,6,24,72,NA,NA,group,671,"414,715,959",4/23/2021
672,Thalia,"1,622,253,319",305,0,2,29,124,NA,NA,solo,672,"271,576,142",11/23/2021
673,MAX,"1,621,199,905",138,0,4,26,76,NA,NA,solo,673,"167,174,319",10/19/2021
674,Apache 207,"1,620,466,836",33,0,2,31,33,NA,NA,solo,674,"108,273,271",8/6/2021
675,Elevation Worship,"1,620,461,758",240,0,1,34,169,NA,NA,group,675,"12,831,641",10/1/2021
676,Powfu,"1,617,907,608",66,1,1,12,62,NA,NA,solo,676,"107,941,893",9/3/2021
677,Tee Grizzley,"1,617,436,989",129,0,3,24,109,4/22/2017,1678,solo,677,"139,751,443",5/12/2021
678,Lil Dicky,"1,616,460,233",22,0,5,16,22,5/4/2019,936,solo,678,"114,899,323",9/3/2021
679,Chief Keef,"1,614,052,564",541,0,4,24,171,12/29/2012,3253,solo,679,"519,905,496",11/21/2021
680,Yo Gotti,"1,612,651,009",479,0,2,27,130,11/28/2009,4380,solo,680,"1,174,641,342",7/4/2021
681,Los Tigres Del Norte,"1,612,543,190",629,0,0,34,233,NA,NA,group,681,"141,929,772",9/6/2021
682,Wham!,"1,609,412,513",36,0,2,8,28,9/8/1984,13592,group,682,"808,507",11/20/2021
683,Gigi D'Agostino,"1,607,853,514",423,1,2,7,29,8/4/2001,7418,solo,683,"811,917",7/2/2021
684,CHVRCHES,"1,607,772,407",119,0,2,31,84,NA,NA,group,684,"5,112,920",11/6/2021
685,ANAVIT?IA,"1,604,934,820",72,0,3,38,68,NA,NA,group,685,"218,486,067",11/19/2021
686,La Oreja de Van Gogh,"1,604,731,207",182,0,2,35,161,NA,NA,group,686,"56,855,566",10/26/2021
687,Cosculluela,"1,602,713,772",125,0,4,23,82,NA,NA,solo,687,"854,087,172",2/15/2021
688,Gwen Stefani,"1,601,811,461",99,0,3,17,66,10/16/2004,6249,solo,688,"870,826,371",11/23/2021
689,M?ley Cr?,"1,600,546,756",225,0,4,21,87,NA,NA,solo,689,"664,118",10/28/2021
690,KISS,"1,597,372,365",411,0,3,15,128,5/25/1974,17351,band,690,0,6/9/2021
691,Quinn XCII,"1,592,676,323",69,0,3,41,69,NA,NA,solo,691,0,11/14/2020
692,TKKG,"1,590,067,517","4,763",0,0,0,28,NA,NA,solo,692,0,1/2/2021
693,Beret,"1,586,857,502",48,0,3,40,47,NA,NA,solo,693,"43,424,522",10/4/2021
694,Kollegah,"1,584,591,974",551,0,0,39,289,NA,NA,solo,694,"94,663,622",10/14/2021
695,Leona Lewis,"1,581,821,580",132,0,4,17,73,3/1/2008,5017,solo,695,"47,749,062",11/18/2021
696,Fr??ic Chopin,"1,580,987,576","9,790",0,0,20,229,NA,NA,solo,696,"1,163,362",8/6/2021
697,Charlie Brown Jr.,"1,580,294,868",278,0,0,30,160,NA,NA,solo,697,"35,076,703",10/3/2021
698,Wale,"1,580,208,020",238,0,3,33,130,7/2/2016,1972,solo,698,"1,154,717,634",1/5/2021
699,Darell,"1,574,554,327",126,0,4,29,87,NA,NA,solo,699,"4,304,120,013",11/17/2021
700,Conor Maynard,"1,573,210,113",128,0,3,37,81,NA,NA,solo,700,"290,548,203",7/10/2021
701,The Jackson 5,"1,571,846,155",346,0,3,12,47,NA,NA,group,701,"2,144,710",11/21/2021
702,Daya,"1,567,388,316",43,0,4,17,38,10/3/2015,2245,solo,702,"1,974,448,643",10/21/2021
703,"Zo?,1",566,"419""","8,309,495",188,0,3,109,1/29/2021,NA,703,169,38
704,Sting,"1,564,202,740",470,0,3,21,189,6/8/1985,13319,solo,704,"226,814,010",11/16/2021
705,fun.,"1,563,903,413",26,0,3,16,25,3/10/2012,3547,group,705,"179,922",9/22/2021
706,Yung Gravy,"1,560,336,653",72,0,3,29,69,NA,NA,solo,706,"9,378,234",11/21/2021
707,Old Dominion,"1,558,080,029",74,0,6,25,51,7/25/2015,2315,group,707,"2,210,265",9/3/2021
708,Lady A,"1,553,890,200",220,0,2,24,120,10/31/2020,390,group,708,"123,565,129",9/3/2021
709,Gente De Zona,"1,552,539,697",111,0,3,20,76,NA,NA,group,709,"1,252,561,307",9/23/2021
710,Taio Cruz,"1,550,632,393",94,0,4,14,41,6/19/2010,4177,solo,710,"24,092,972",11/5/2021
711,Martin Jensen,"1,550,508,031",68,0,3,19,41,NA,NA,solo,711,"248,746,085",1/11/2021
712,Nas,"1,546,917,718",302,0,2,32,163,4/16/1994,10085,solo,712,"652,936,327",1/6/2021
713,Denzel Curry,"1,546,909,214",116,0,2,39,88,NA,NA,solo,713,"424,111,467",11/15/2021
714,Miranda Lambert,"1,546,512,686",192,0,1,29,150,12/17/2005,5822,solo,714,"174,891,428",11/23/2021
715,John Lennon,"1,545,199,176",464,0,3,20,84,11/10/1973,17547,solo,715,"5,571,538",10/29/2021
716,Die drei !!!,"1,543,605,722","2,798",0,0,0,58,NA,NA,solo,716,"23,498,439",10/9/2021
717,League of Legends,"1,542,483,725",409,0,3,21,94,NA,NA,group,717,"762,686,358",11/21/2021
718,Guaynaa,"1,541,206,062",60,0,5,16,39,NA,NA,solo,718,"88,976,740",11/6/2021
719,Aitana,"1,540,430,203",66,0,4,26,64,NA,NA,solo,719,"4,339,688",11/23/2021
720,Sufjan Stevens,"1,537,720,483",388,0,1,26,170,NA,NA,solo,720,"30,503,692",8/7/2021
721,Dilsinho,"1,536,975,587",138,0,3,29,116,NA,NA,solo,721,"323,485,409",10/20/2021
722,Casper Magico,"1,532,557,006",80,0,2,17,54,NA,NA,solo,722,"158,823,124",1/2/2021
723,Roxette,"1,528,539,038",384,0,3,18,89,2/11/1989,11975,group,723,"300,550",11/21/2021
724,Arcade Fire,"1,527,258,745",103,0,3,44,82,9/28/2013,2980,group,724,0,10/22/2021
725,Mon Laferte,"1,527,168,401",137,0,4,29,107,NA,NA,solo,725,"276,176,756",11/22/2021
726,AJ Tracey,"1,519,957,902",98,0,4,28,83,NA,NA,solo,726,"127,208,628",10/27/2021
727,David Bisbal,"1,516,626,351",242,0,2,29,116,NA,NA,solo,727,"609,850,259",10/19/2021
728,Niska,"1,516,560,541",92,0,1,43,89,NA,NA,solo,728,"532,738,249",9/16/2021
729,Lee Brice,"1,514,026,248",94,0,6,14,65,5/22/2010,4205,solo,729,"12,190,065",9/3/2021
730,"Jack ?,1",509,"886""","912,261",32,0,3,30,12/26/2020,NA,730,853,10
731,Stromae,"1,507,956,942",46,0,4,23,36,NA,NA,solo,731,"56,961,811",11/7/2021
732,Felipe Ara?o,"1,507,060,178",97,0,5,18,64,NA,NA,solo,732,"144,991,670",9/3/2021
733,Bruno & Marrone,"1,499,184,205",411,0,1,29,185,NA,NA,group,733,"204,065,915",8/31/2021
734,Shania Twain,"1,498,859,487",170,0,4,24,98,5/27/1995,9679,solo,734,"178,767,118",11/20/2021
735,The Pussycat Dolls,"1,495,427,167",54,0,4,14,40,10/22/2005,5878,group,735,"20,067,111",10/10/2021
736,Ice Cube,"1,494,097,969",265,0,3,20,145,11/21/1992,10596,solo,736,"176,529,482",1/28/2021
737,Neil Young,"1,492,248,289",856,0,3,22,131,10/24/1970,18660,solo,737,"17,581,131",9/2/2021
738,Ezhel,"1,491,005,951",60,0,0,41,56,NA,NA,solo,738,"152,991,420",10/30/2021
739,Paul Simon,"1,490,036,511",429,0,3,20,104,2/5/1972,18191,solo,739,"68,021,453",10/6/2021
740,Kevin Roldan,"1,489,016,332",126,0,2,29,89,NA,NA,solo,740,"399,120,073",6/11/2021
741,Saweetie,"1,488,280,564",62,0,4,23,51,7/13/2019,866,solo,741,"338,462,005",11/16/2021
742,Internet Money,"1,487,270,931",40,0,3,10,23,NA,NA,group,742,"240,760,241",9/8/2021
743,girl in red,"1,485,001,883",29,0,5,19,29,NA,NA,solo,743,"3,955,840",11/17/2021
744,The National,"1,481,830,520",209,0,1,43,137,NA,NA,group,744,"68,728,009",10/7/2021
745,Bullet For My Valentine,"1,479,980,833",172,0,2,37,94,NA,NA,group,745,"27,792",11/6/2021
746,Sean Kingston,"1,478,550,000",127,0,5,16,44,6/9/2007,5283,solo,746,"131,894,349",9/25/2021
747,Martin Solveig,"1,474,236,399",247,0,5,16,60,NA,NA,solo,747,"1,215,667",2/12/2021
748,MKTO,"1,469,541,117",29,0,1,14,28,3/1/2014,2826,group,748,"10,444,447",9/3/2021
749,Simple Plan,"1,468,658,373",119,0,4,29,88,2/15/2003,6858,group,749,"1,825,700",11/19/2021
750,KSI,"1,464,984,108",114,0,0,37,85,NA,NA,solo,750,"24,459,778",11/3/2021
751,Banda El Recodo,"1,464,524,587",550,0,1,36,155,NA,NA,group,751,"1,277,033",2/24/2021
752,Yusuf / Cat Stevens,"1,461,402,233",325,0,3,18,64,NA,NA,solo,752,"15,764,014",10/22/2021
753,Yellow Claw,"1,460,222,344",238,0,2,30,115,NA,NA,group,753,"76,991,831",7/9/2021
754,Nat King Cole,"1,459,023,413","1,088",0,2,25,103,8/2/1958,23126,solo,754,"6,746,115",9/2/2021
755,Chayanne,"1,458,798,729",235,0,2,25,91,NA,NA,solo,755,"106,591,871",8/31/2021
756,Kiiara,"1,457,204,493",71,0,3,18,35,6/11/2016,1993,solo,756,"270,410,790",10/21/2021
757,Gera MX,"1,455,062,887",159,0,1,41,136,NA,NA,solo,757,"345,236,961",11/9/2021
758,Sade,"1,450,857,847",110,0,4,33,104,3/2/1985,13417,solo,758,"1,363,686",11/22/2021
759,Chencho Corleone,"1,448,969,842",18,0,5,13,17,NA,NA,solo,759,"825,057,723",11/11/2021
760,Plan B,"1,448,270,585",62,0,4,19,52,NA,NA,solo,760,0,11/15/2020
761,Lionel Richie,"1,447,451,297",268,0,5,17,69,10/9/1982,14292,solo,761,"46,509,966",10/22/2021
762,Brad Paisley,"1,444,090,352",233,0,1,34,126,6/19/1999,8195,solo,762,"54,065,740",11/5/2021
763,*NSYNC,"1,441,613,779",92,0,5,15,70,NA,NA,group,763,"19,570,857",11/23/2021
764,Maria Becerra,"1,441,045,287",31,0,2,21,31,NA,NA,solo,764,"257,120,783",11/23/2021
765,John Newman,"1,439,605,622",82,0,3,12,53,12/7/2013,2910,solo,765,"331,748,009",3/24/2021
766,Nina Simone,"1,438,858,558",546,0,2,22,124,8/1/1959,22762,solo,766,"15,465,627",10/6/2021
767,Jowell & Randy,"1,437,376,703",171,0,3,23,88,NA,NA,group,767,"749,282,863",11/22/2021
768,Granular,"1,434,614,692",432,0,2,19,69,NA,NA,group,768,0,3/5/2021
769,will.i.am,"1,433,088,634",99,0,4,14,42,8/25/2007,5206,solo,769,"1,873,458,305",11/13/2021
770,Bea Miller,"1,432,267,142",42,0,4,22,42,8/15/2015,2294,solo,770,"994,601,822",11/22/2021
771,Nipsey Hussle,"1,430,729,695",282,0,2,30,135,NA,NA,solo,771,"226,102,540",8/9/2021
772,Alex Rose,"1,427,992,828",61,0,3,24,56,NA,NA,solo,772,"417,963,769",7/7/2021
773,Feid,"1,427,618,166",117,0,2,26,80,NA,NA,solo,773,"1,929,273,342",11/18/2021
774,Chelsea Cutler,"1,426,164,636",78,0,3,28,65,NA,NA,solo,774,"432,991,241",7/16/2021
775,DJ Luian,"1,425,231,812",52,0,4,15,41,NA,NA,solo,775,"1,986,428,348",2/22/2021
776,Electric Light Orchestra,"1,422,261,000",235,0,3,16,111,4/28/1973,17743,group,776,"22,736,509",1/4/2021
777,Los Temerarios,"1,420,543,713",322,0,0,46,128,NA,NA,group,777,0,10/5/2021
778,DENNIS,"1,419,916,276",305,0,4,30,120,NA,NA,solo,778,"117,580,197",6/20/2021
779,Rich Brian,"1,418,561,123",54,0,4,35,53,NA,NA,solo,779,"492,602,813",11/23/2021
780,Natalia Lafourcade,"1,418,040,225",174,0,3,28,113,NA,NA,solo,780,"781,127,916",11/11/2021
781,Lily Allen,"1,416,696,030",114,0,3,22,78,2/10/2007,5402,solo,781,"279,853,586",8/15/2021
782,Kylie Minogue,"1,416,431,644",869,0,2,28,157,5/7/1988,12255,solo,782,"106,243,198",10/20/2021
783,Tech N9ne,"1,413,659,255",451,0,0,27,219,NA,NA,solo,783,"538,028,931",10/8/2021
784,KALEO,"1,411,975,390",27,0,3,17,25,NA,NA,group,784,"26,463",11/22/2021
785,Mambo Kingz,"1,409,982,433",36,0,5,11,14,NA,NA,group,785,"1,796,968,260",2/26/2021
786,Baby Lullaby Academy,"1,409,215,562","2,087",0,0,52,164,NA,NA,solo,786,"30,122,083",9/22/2021
787,CRO,"1,408,564,715",139,0,1,34,116,NA,NA,solo,787,"150,788,270",11/18/2021
788,Dolly Parton,"1,408,501,618",948,0,3,13,124,1/26/1974,17470,solo,788,"121,299,239",12/31/2020
789,deadmau5,"1,406,999,842",433,0,1,27,188,NA,NA,solo,789,"88,245,746",7/24/2021
790,Oh Wonder,"1,399,959,459",68,0,5,30,58,NA,NA,group,790,"586,287,924",11/16/2021
791,Brett Young,"1,398,473,369",60,0,4,18,40,10/1/2016,1881,solo,791,"15,239,416",11/20/2021
792,The Goo Goo Dolls,"1,396,855,854",248,0,2,13,69,NA,NA,group,792,"279,713",3/23/2021
793,Dido,"1,396,480,606",198,0,3,14,81,1/13/2001,7621,solo,793,"4,928,461",11/11/2021
794,Tracy Chapman,"1,395,108,953",102,0,4,14,85,6/4/1988,12227,solo,794,"75,841,079",11/18/2021
795,Jay Chou,"1,394,403,171",297,0,0,45,162,NA,NA,solo,795,"20,862,440",4/2/2021
796,Mike Perry,"1,392,920,550",32,0,2,17,31,NA,NA,solo,796,0,11/14/2020
797,Tom Walker,"1,391,545,813",82,0,3,20,54,NA,NA,solo,797,"90,387,030",9/20/2021
798,Ghostemane,"1,384,997,008",139,0,2,32,102,NA,NA,solo,798,"53,311,906",10/19/2021
799,Tears For Fears,"1,384,372,781",209,0,2,11,56,8/6/1983,13991,group,799,"2,292,383",11/21/2021
800,Greeicy,"1,381,227,182",52,0,3,27,47,NA,NA,solo,800,"41,902,219",10/31/2021
801,Tina Turner,"1,381,216,176",240,0,5,15,74,1/21/1984,13823,solo,801,"19,812,390",11/21/2021
802,Cyndi Lauper,"1,380,474,811",218,0,3,7,31,12/17/1983,13858,solo,802,"6,148,041",11/23/2021
803,Ruth B.,"1,379,219,593",44,0,3,12,30,NA,NA,solo,803,"4,223,091",10/18/2021
804,Audioslave,"1,378,753,093",58,0,5,16,46,11/23/2002,6942,group,804,0,11/20/2021
805,Mr. Probz,"1,378,183,383",36,0,2,11,30,9/6/2014,2637,solo,805,"227,072,647",9/3/2021
806,Cigarettes After Sex,"1,378,174,690",30,0,3,28,30,NA,NA,group,806,"2,126,632",10/17/2021
807,Ferrugem,"1,372,026,685",134,0,1,33,107,NA,NA,solo,807,"226,582,639",8/14/2021
808,James TW,"1,370,209,304",30,0,3,18,30,NA,NA,solo,808,0,11/14/2020
809,Selena,"1,367,944,255",134,0,3,23,86,10/28/1995,9525,solo,809,"2,164,261",11/21/2021
810,YUNGBLUD,"1,367,258,954",77,0,2,32,60,NA,NA,solo,810,"366,326,991",10/17/2021
811,Olivia O'Brien,"1,365,047,441",51,0,3,19,40,1/14/2017,1776,solo,811,"1,318,584,669",10/15/2021
812,Dennis Lloyd,"1,359,049,478",33,0,2,17,29,8/4/2018,1209,solo,812,0,6/20/2021
813,Lenny Kravitz,"1,358,689,094",269,0,4,19,96,1/27/1990,11625,solo,813,"49,645,626",11/13/2021
814,Lil Kleine,"1,358,325,437",106,0,0,41,88,NA,NA,solo,814,"312,526,315",10/31/2021
815,Willie Nelson,"1,357,834,751","1,494",0,3,21,128,8/30/1975,16889,solo,815,"211,167,459",9/2/2021
816,Summer Cem,"1,357,000,399",177,0,2,31,105,NA,NA,solo,816,"264,671,653",2/5/2021
817,Lu?a Sonza,"1,356,808,087",60,0,3,28,48,NA,NA,solo,817,"1,765,982",11/23/2021
818,Lalo Ebratt,"1,355,512,932",44,0,6,14,34,NA,NA,solo,818,"54,847,249",1/22/2021
819,Angus & Julia Stone,"1,354,613,988",153,0,3,26,88,NA,NA,group,819,0,11/14/2020
820,Gavin James,"1,353,919,817",105,0,3,26,80,NA,NA,solo,820,"52,147,623",2/19/2021
821,Bing Crosby,"1,353,425,915","1,203",0,2,23,68,12/20/1958,22986,solo,821,"9,003,222",1/5/2021
822,Sof? Reyes,"1,350,697,207",48,0,2,18,38,NA,NA,solo,822,"181,173,447",11/17/2021
823,ZZ Top,"1,350,669,708",268,0,3,14,92,5/20/1972,18086,group,823,"98,095",11/18/2021
824,Will Smith,"1,346,736,771",86,0,4,15,45,2/28/1998,8671,solo,824,"29,772,595",10/27/2021
825,LUDMILLA,"1,345,505,029",135,0,0,33,114,NA,NA,solo,825,"361,825,762",11/21/2021
826,IU,"1,343,290,505",159,0,2,25,84,NA,NA,solo,826,"59,265,401",11/23/2021
827,Alina Baraz,"1,333,938,711",76,0,3,26,62,NA,NA,solo,827,"26,975,250",11/2/2021
828,Jack & Jack,"1,333,223,893",44,0,2,15,42,8/23/2014,2651,group,828,"43,745,345",8/30/2021
829,Bill Withers,"1,332,850,466",119,0,4,10,58,7/17/1971,18394,solo,829,"37,292,559",4/5/2021
830,Surfaces,"1,332,266,175",64,0,1,16,50,3/14/2020,621,group,830,0,9/3/2021
831,Jeezy,"1,327,116,650",599,0,1,26,179,NA,NA,solo,831,"1,246,803,557",8/29/2021
832,Oliver Tree,"1,325,146,275",48,0,3,25,45,NA,NA,solo,832,"38,047,893",11/13/2021
833,Wolfgang Amadeus Mozart,"1,323,952,565","11,669",0,0,14,180,NA,NA,solo,833,"4,758,138",9/13/2021
834,WILLOW,"1,321,481,170",75,0,3,14,66,NA,NA,solo,834,"217,433,972",11/21/2021
835,Jasmine Thompson,"1,317,231,334",108,0,3,35,83,NA,NA,solo,835,0,11/5/2020
836,TLC,"1,317,160,190",173,0,3,9,50,2/22/1992,10869,group,836,"205,691,801",11/15/2021
837,Lil Xan,"1,315,933,907",76,0,3,17,57,12/2/2017,1454,solo,837,"15,365,065",11/23/2021
838,Blur,"1,311,460,535",355,0,2,18,85,1/11/1992,10911,group,838,"15,936",9/27/2021
839,Tori Kelly,"1,309,236,588",97,0,3,23,72,3/14/2015,2448,solo,839,"452,407,194",11/7/2021
840,Alvaro Soler,"1,307,458,976",90,0,2,16,60,NA,NA,solo,840,"26,316,017",10/9/2021
841,Ella Fitzgerald,"1,306,751,857","1,952",0,1,19,138,4/30/1960,22489,solo,841,"11,252,389",12/27/2020
842,Maggie Lindemann,"1,302,589,177",25,0,2,12,25,NA,NA,solo,842,"2,301,151",11/21/2021
843,Jon Pardi,"1,301,565,161",63,0,4,16,46,11/30/2013,2917,solo,843,"94,534,699",5/7/2021
844,Spice Girls,"1,299,207,069",106,0,2,11,36,1/25/1997,9070,group,844,"614,376",11/23/2021
845,Cher,"1,297,191,966",397,0,2,17,67,7/3/1965,20599,solo,845,"12,139,593",11/22/2021
846,Lupe Fiasco,"1,296,058,560",168,0,3,18,118,6/17/2006,5640,solo,846,"223,273,708",10/27/2021
847,Genesis,"1,295,454,874",354,0,2,25,139,3/12/1977,16329,group,847,"658,083",1/7/2021
848,Sin Bandera,"1,294,370,986",114,0,4,21,81,NA,NA,group,848,"78,541,133",2/9/2021
849,Eladio Carrion,"1,292,336,279",111,0,3,28,96,NA,NA,solo,849,"167,582,058",11/18/2021
850,Mary J. Blige,"1,289,394,631",368,0,2,26,130,6/20/1992,10750,solo,850,"1,819,034,323",10/3/2021
851,Brantley Gilbert,"1,288,253,176",112,0,2,30,82,7/9/2011,3792,solo,851,"100,016,251",9/3/2021
852,NCT 127,"1,287,608,692",122,0,0,37,95,NA,NA,group,852,"40,825,553",11/22/2021
853,Ramin Djawadi,"1,286,775,894",885,0,0,26,244,NA,NA,solo,853,"12,413,030",2/26/2021
854,Louis Armstrong,"1,285,502,051","1,476",0,3,18,109,10/3/1964,20872,solo,854,"12,982,577",1/4/2021
855,Snakehips,"1,284,895,360",64,0,3,17,45,NA,NA,group,855,"87,512,393",2/27/2021
856,Natiruts,"1,284,627,208",211,0,1,33,147,NA,NA,group,856,"17,687,599",8/30/2021
857,Bruno Martini,"1,284,419,429",94,0,2,15,33,NA,NA,solo,857,"17,263,864",10/7/2021
858,Oliver Heldens,"1,281,119,368",127,0,3,26,78,NA,NA,solo,858,0,11/14/2020
859,Skepta,"1,280,472,588",146,0,1,31,105,NA,NA,solo,859,"1,177,727,240",8/24/2021
860,NEFFEX,"1,280,094,835",156,0,2,27,139,NA,NA,group,860,0,5/14/2021
861,Deftones,"1,279,504,423",139,0,2,30,118,NA,NA,group,861,"560,400",11/11/2021
862,Gustavo Mioto,"1,275,880,945",89,0,4,24,64,NA,NA,solo,862,"67,732,424",11/2/2021
863,Salmo,"1,271,561,602",149,0,1,29,93,NA,NA,solo,863,"568,046,990",11/13/2021
864,Dean Martin,"1,271,240,189",586,0,1,17,107,8/2/1958,23126,solo,864,"5,961,006",1/3/2021
865,The Head And The Heart,"1,271,155,866",77,0,3,21,64,NA,NA,group,865,0,7/30/2021
866,Benjamin Bl?chen,"1,270,296,618","5,668",0,0,2,41,NA,NA,solo,866,"2,187,805",10/9/2021
867,The All-American Rejects,"1,268,950,476",86,0,4,8,61,6/21/2003,6732,group,867,0,11/22/2021
868,Lykke Li,"1,267,977,654",96,0,2,24,69,NA,NA,solo,868,"88,501,825",9/20/2021
869,MC Kevin o Chris,"1,265,026,634",170,0,3,26,91,NA,NA,solo,869,"308,354,254",10/30/2021
870,Tinie Tempah,"1,264,492,695",127,0,3,21,63,NA,NA,solo,870,"429,042,133",9/3/2021
871,Bunbury,"1,264,052,572",408,0,1,22,181,NA,NA,solo,871,"153,201,830",11/18/2021
872,Capo Plaza,"1,260,400,629",67,0,1,35,60,NA,NA,solo,872,"578,528,070",9/9/2021
873,Lil Jon,"1,259,193,098",142,0,3,15,49,NA,NA,solo,873,"1,536,589,891",9/2/2021
874,Toby Keith,"1,257,439,909",292,0,3,21,84,6/26/1993,10379,solo,874,"18,017,157",9/2/2021
875,Beck,"1,257,317,743",288,0,1,26,136,1/29/1994,10162,solo,875,"78,812,344",9/22/2021
876,Vince Staples,"1,256,181,440",82,0,2,26,75,NA,NA,solo,876,"513,459,766",10/27/2021
877,Andrea Bocelli,"1,255,153,364",550,0,2,25,160,NA,NA,solo,877,"29,954,086",10/24/2021
878,Lauren Daigle,"1,254,131,254",67,0,1,32,60,7/28/2018,1216,solo,878,"150,419,068",9/3/2021
879,ZHU,"1,253,093,333",104,0,2,30,77,NA,NA,solo,879,"45,485,295",9/7/2021
880,Timbaland,"1,250,914,821",165,0,2,13,60,NA,NA,solo,880,"1,744,179,833",9/20/2021
881,Juicy J,"1,250,538,324",334,0,2,27,85,NA,NA,solo,881,"2,951,000,597",12/30/2020
882,Dynoro,"1,249,862,868",14,0,1,7,13,NA,NA,solo,882,0,11/17/2020
883,Alice In Chains,"1,249,120,364",137,0,2,24,100,10/3/2009,4436,group,883,"191,722",12/31/2020
884,Melim,"1,248,051,948",84,0,2,30,64,NA,NA,group,884,"47,036,639",10/12/2021
885,Chris Young,"1,247,645,486",92,0,3,20,68,8/29/2009,4471,solo,885,0,11/14/2020
886,Gustavo Cerati,"1,244,552,421",160,0,1,29,103,NA,NA,solo,886,"161,088,257",8/31/2021
887,Salaam Remi,"1,244,052,119",174,1,1,2,10,NA,NA,solo,887,"274,416,805",8/5/2021
888,Tungevaag,"1,241,073,021",62,0,4,24,39,NA,NA,solo,888,"1,371,087",5/14/2021
889,TOMORROW X TOGETHER,"1,238,929,488",58,0,1,35,53,NA,NA,group,889,0,11/23/2021
890,Los Bukis,"1,238,840,274",245,0,0,43,100,NA,NA,group,890,"6,645,445",9/24/2021
891,Pabllo Vittar,"1,237,933,333",92,0,2,31,65,NA,NA,solo,891,"281,586,687",11/22/2021
892,Simone & Simaria,"1,237,618,016",114,0,4,20,76,NA,NA,group,892,"210,244,341",11/21/2021
893,Kina,"1,237,030,469",31,0,2,9,21,NA,NA,solo,893,"2,962,492",5/29/2021
894,The Score,"1,232,564,626",60,0,2,25,57,NA,NA,group,894,"979,362",10/28/2021
895,Seether,"1,230,727,184",169,0,3,23,103,12/28/2002,6907,group,895,"116,581",12/27/2020
896,Diego & Victor Hugo,"1,228,608,930",117,0,5,18,75,NA,NA,group,896,"8,937,561",11/17/2021
897,Kris Kross Amsterdam,"1,227,717,300",29,0,2,11,20,NA,NA,solo,897,"9,661,668",1/25/2021
898,Frenna,"1,227,249,089",144,0,0,38,105,NA,NA,solo,898,"318,543,777",11/15/2021
899,Max Richter,"1,225,348,164",904,0,0,18,161,NA,NA,solo,899,"33,749",2/26/2021
900,Brent Faiyaz,"1,223,680,356",45,0,2,22,45,NA,NA,solo,900,"538,478,146",7/28/2021
901,Showtek,"1,223,338,892",247,0,2,19,69,NA,NA,group,901,"66,492,313",2/26/2021
902,Craig David,"1,222,681,022",162,0,1,19,88,6/9/2001,7474,solo,902,"82,078,053",11/8/2021
903,Cash Cash,"1,222,618,389",133,0,3,22,63,NA,NA,group,903,"88,365,145",2/26/2021
904,Dustin Lynch,"1,221,975,887",75,0,3,15,62,6/2/2012,3463,solo,904,"8,764,477",11/13/2021
905,Timmy Trumpet,"1,221,086,680",149,0,1,25,81,NA,NA,solo,905,"73,893,196",2/26/2021
906,Intocable,"1,220,814,315",304,0,2,29,163,NA,NA,group,906,"17,782,991",6/27/2021
907,B?NS,"1,218,774,629",44,0,2,17,40,NA,NA,group,907,"16,653,608",6/24/2021
908,Supertramp,"1,218,664,114",119,0,3,16,81,4/12/1975,17029,group,908,"30,706",10/13/2021
909,a-ha,"1,218,091,808",350,0,1,10,65,7/13/1985,13284,group,909,"11,723",1/3/2021
910,A Tribe Called Quest,"1,217,610,616",172,0,1,31,108,6/6/1992,10764,group,910,"2,194,254",10/25/2021
911,Pixies,"1,217,270,049",707,0,3,14,97,NA,NA,group,911,"448,181",10/24/2021
912,Foals,"1,216,570,455",163,0,2,31,76,NA,NA,group,912,"1,312,972",11/3/2021
913,Daughtry,"1,215,090,026",123,0,2,19,91,12/9/2006,5465,group,913,"1,852,975",10/4/2021
914,Death Cab for Cutie,"1,212,468,637",218,0,1,29,116,NA,NA,group,914,"31,167,040",11/22/2021
915,AWOLNATION,"1,212,368,781",116,0,1,19,68,9/3/2011,3736,group,915,"24,910,582",7/10/2021
916,Dominic Fike,"1,211,886,669",28,0,2,17,28,NA,NA,solo,916,"97,477,865",10/23/2021
917,Megadeth,"1,211,095,049",401,0,1,19,173,10/17/1992,10631,group,917,0,11/20/2021
918,Camila,"1,210,015,690",98,0,3,20,69,NA,NA,group,918,"45,300,205",2/26/2021
919,SCH,"1,208,921,724",111,0,0,42,110,NA,NA,solo,919,"516,721,560",11/17/2021
920,Los Enanitos Verdes,"1,206,944,057",180,0,3,17,85,NA,NA,group,920,"4,841,307",10/5/2021
921,HONNE,"1,205,507,044",120,0,1,28,84,NA,NA,solo,921,"14,323,459",11/21/2021
922,Otis Redding,"1,202,718,503",273,0,2,16,85,5/25/1963,21369,solo,922,"96,674,731",12/17/2020
923,A R I Z O N A,"1,202,055,144",61,0,2,21,48,NA,NA,group,923,"70,458,524",9/10/2021
924,Jacquees,"1,202,013,471",142,0,2,19,101,8/26/2017,1552,solo,924,"240,482,349",7/29/2021
925,Alanis Morissette,"1,201,244,037",295,0,3,16,99,3/16/1996,9385,solo,925,"195,895",11/2/2021
926,Petit Biscuit,"1,199,615,143",84,0,1,20,51,NA,NA,solo,926,"18,677,227",4/7/2021
927,Pink Sweat$,"1,198,674,458",49,0,2,20,44,NA,NA,solo,927,"44,764,741",11/16/2021
928,Gloria Trevi,"1,198,255,407",271,0,0,29,119,NA,NA,solo,928,"132,800,053",11/22/2021
929,"Emeli Sand?,1",194,"638""","545,104,417",146,0,3,76,2/26/2021,NA,929,737,18
930,Dave Matthews Band,"1,191,228,948",976,0,1,23,151,2/13/1999,8321,group,930,"12,494,077",10/27/2021
931,Jake Owen,"1,189,060,122",90,0,2,16,71,7/15/2006,5612,solo,931,"30,523,629",9/3/2021
932,Wu-Tang Clan,"1,187,400,020",347,0,1,16,119,10/9/1993,10274,group,932,"11,075,579",6/19/2021
933,Dadju,"1,185,762,627",89,0,0,32,88,NA,NA,solo,933,"366,887,717",6/10/2021
934,AURORA,"1,183,819,691",83,0,1,25,59,NA,NA,solo,934,"323,389,303",11/23/2021
935,Missy Elliott,"1,183,433,606",135,0,4,20,60,10/18/2003,6613,solo,935,"1,152,793,513",10/4/2021
936,Hombres G,"1,183,145,643",275,0,2,15,112,NA,NA,group,936,"57,363,159",11/2/2021
937,Counting Crows,"1,181,632,427",193,0,3,12,68,11/6/1999,8055,group,937,"3,786,266",7/9/2021
938,Pineapple StormTv,"1,181,094,407",191,0,1,25,87,NA,NA,solo,938,"119,381,866",6/29/2021
939,Foreigner,"1,180,377,331",287,0,4,11,53,3/26/1977,16315,group,939,"251,313",9/26/2021
940,Grouplove,"1,180,340,182",110,0,2,15,66,12/17/2011,3631,group,940,"3,672,342",7/22/2021
941,Official HIGE DANdism,"1,179,198,022",125,0,3,21,60,NA,NA,group,941,"86,539",11/21/2021
942,Kelsea Ballerini,"1,177,630,625",74,0,1,22,58,4/18/2015,2413,solo,942,"559,985,432",11/14/2021
943,Canserbero,"1,175,408,543",90,0,1,30,82,NA,NA,solo,943,"12,124,328",11/18/2021
944,Ricardo Montaner,"1,175,168,679",284,0,1,24,87,NA,NA,solo,944,"147,732,275",11/4/2021
945,Sam Cooke,"1,172,537,664",356,0,3,11,73,8/2/1958,23126,solo,945,"384,104",9/15/2021
946,Evaluna Montaner,"1,172,484,369",43,0,3,6,23,NA,NA,solo,946,"111,885,447",11/22/2021
947,Eurythmics,"1,171,573,998",216,0,1,11,37,5/14/1983,14075,group,947,"11,363,495",10/29/2021
948,Beastie Boys,"1,170,723,253",293,0,3,17,145,12/20/1986,12759,group,948,"631,275",2/11/2021
949,Talking Heads,"1,170,559,958",173,0,3,18,94,2/18/1978,15986,group,949,0,8/24/2021
950,Leonard Cohen,"1,169,977,076",379,0,0,29,181,12/3/2016,1818,solo,950,"2,912,425",10/29/2021
951,Regard,"1,169,696,729",31,0,2,4,16,4/25/2020,579,solo,951,0,3/29/2021
952,Gemitaiz,"1,169,359,138",158,0,0,33,119,NA,NA,solo,952,"551,183,196",7/17/2021
953,Ludacris,"1,169,259,865",204,0,0,24,107,1/20/2001,7614,solo,953,"3,205,955,574",3/30/2021
954,Burna Boy,"1,168,521,268",154,0,3,27,83,NA,NA,solo,954,"1,325,117,200",11/23/2021
955,Brett Eldredge,"1,167,558,180",92,0,3,17,65,6/8/2013,3092,solo,955,0,11/22/2021
956,Cole Swindell,"1,163,691,710",77,0,2,19,64,11/2/2013,2945,solo,956,"7,146,457",10/14/2021
957,R? Roma,"1,162,969,995",97,0,2,25,74,NA,NA,solo,957,"54,061,819",2/28/2021
958,The Temptations,"1,162,727,326",703,0,2,10,54,4/16/1960,22503,group,958,"52,421,883",6/20/2021
959,Lindsey Stirling,"1,162,116,277",104,0,0,41,99,1/9/2016,2147,solo,959,"224,831,055",11/22/2021
960,Ultimo,"1,161,942,439",62,0,0,31,53,NA,NA,solo,960,"68,976,805",10/29/2021
961,Ben&Ben,"1,160,974,179",52,0,3,23,45,NA,NA,group,961,"14,086,639",11/22/2021
962,Banda Los Recoditos,"1,159,835,788",233,0,2,23,111,NA,NA,solo,962,"11,518,962",2/26/2021
963,Micro TDH,"1,158,968,852",58,0,1,12,48,NA,NA,solo,963,"32,911,846",11/16/2021
964,"Matu?,1",158,"411""","188,199,873",29,0,2,28,10/21/2021,NA,964,857,26
965,Grateful Dead,"1,157,947,195","3,119",0,0,16,132,11/27/1971,18261,group,965,0,10/14/2021
966,Tyler Childers,"1,157,831,027",61,0,2,32,57,NA,NA,solo,966,"19,717,682",11/22/2021
967,Kungs,"1,157,042,297",27,0,1,9,25,NA,NA,solo,967,"11,911,282",4/3/2021
968,Darius Rucker,"1,155,489,428",101,0,1,14,75,7/26/2008,4870,solo,968,"37,798,327",11/20/2021
969,Stone Sour,"1,154,389,161",137,0,3,16,102,11/2/2002,6963,group,969,"209,472",6/28/2021
970,EDEN,"1,154,155,920",56,0,3,23,55,NA,NA,solo,970,"22,025,471",10/24/2021
971,Eros Ramazzotti,"1,151,635,033",418,0,2,23,145,NA,NA,solo,971,"20,707,242",11/20/2021
972,A Great Big World,"1,149,467,420",63,0,1,12,33,NA,NA,solo,972,"17,754,505",11/6/2021
973,Two Feet,"1,147,628,660",38,0,3,17,35,NA,NA,solo,973,"20,047,600",2/26/2021
974,La Adictiva Banda San Jos?de Mesillas,"1,145,624,117",87,0,2,23,59,NA,NA,group,974,"31,641,132",2/26/2021
975,beabadoobee,"1,145,182,474",52,0,1,6,35,NA,NA,solo,975,"4,643,526",2/26/2021
976,Icona Pop,"1,144,480,058",113,0,2,16,55,NA,NA,group,976,"189,837,410",5/3/2021
977,Empire of the Sun,"1,144,142,649",108,0,3,10,52,NA,NA,group,977,"91,503,429",6/30/2021
978,BIGBANG,"1,140,731,104",379,0,1,21,52,NA,NA,group,978,"1,044",11/23/2021
979,Moby,"1,139,611,531",770,0,1,19,147,NA,NA,solo,979,"209,309,702",12/24/2020
980,Santa Fe Klan,"1,139,107,691",188,0,1,30,105,NA,NA,solo,980,"330,424,178",11/23/2021
981,MadeinTYO,"1,138,903,625",81,0,4,16,56,4/16/2016,2049,solo,981,"452,976,749",5/7/2021
982,Famous Dex,"1,138,688,989",149,0,2,9,57,4/7/2018,1328,solo,982,"150,148,632",5/5/2021
983,Tom Petty and the Heartbreakers,"1,136,844,304",230,0,3,15,78,NA,NA,group,983,"2,619,823",6/30/2021
984,Ella Eyre,"1,134,243,288",77,0,4,13,46,NA,NA,solo,984,"182,202,955",2/26/2021
985,ONE OK ROCK,"1,133,808,931",115,0,0,35,103,NA,NA,group,985,0,9/7/2021
986,GoldLink,"1,133,451,178",94,0,2,21,64,NA,NA,solo,986,"319,285,769",11/12/2021
987,LMFAO,"1,132,378,790",57,0,3,9,33,3/21/2009,4632,group,987,"211,074,207",9/3/2021
988,RIN,"1,131,389,375",61,0,1,29,59,NA,NA,solo,988,"55,810,713",7/31/2021
989,Duran Duran,"1,129,700,517",489,0,2,16,64,12/25/1982,14215,group,989,0,10/25/2021
990,Gym Class Heroes,"1,128,430,812",72,0,2,6,28,9/1/2007,5199,group,990,0,9/2/2021
991,No Doubt,"1,127,656,163",120,0,2,13,53,12/16/1995,9476,group,991,"272,801",11/23/2021
992,M.I.A.,"1,127,631,117",111,0,3,11,75,8/2/2008,4863,solo,992,"156,089,688",9/11/2021
993,Junior H,"1,127,418,259",78,0,3,28,76,NA,NA,solo,993,"185,211,909",11/3/2021
994,Deep Purple,"1,124,412,499",814,0,2,14,72,8/17/1968,19458,group,994,"4,127,611",11/16/2021
995,Disciples,"1,123,799,838",74,0,1,12,33,NA,NA,solo,995,"45,002,553",2/26/2021
996,Matchbox Twenty,"1,122,333,501",78,0,3,17,59,NA,NA,group,996,"717,819",11/6/2021
997,KSHMR,"1,121,737,570",115,0,1,31,80,NA,NA,solo,997,"140,390,298",5/5/2021
998,Fat Joe,"1,121,148,790",224,0,3,18,60,10/9/1993,10274,solo,998,"405,211,372",9/13/2021
999,Phoenix,"1,121,055,870",109,0,3,20,66,12/19/2009,4359,group,999,"1,572,724",6/30/2021
1000,KC Rebell,"1,120,353,473",243,0,0,31,112,NA,NA,group,1000,"295,392,571",5/26/2021